Type,"Category","Key","Korean","Description",Region,Image,Video,CustomPosition
Common,"","17310010089","변장","","",
Common,"","17310010028","의료 기술","",
Common,"","17310010006","상자 (지상)","",
Common,"","宝箱（地上）","상자 (지상)","",
Common,"","宝箱","상자 (지상)","",
Common,"","17310010007","상자 (지하)","",
Common,"","宝箱（地下）","상자 (지하)","",
Common,"","17310010001","유물","",
Common,"","前尘旧物","유물","",
Common,"","界碑","경계석","",
Common,"","BoundaryStones","경계석","",
Common,"","17310010015","만물의 울림 (노랑나비)","",
Common,"","探游指引","만물의 울림 (노랑나비)","",
Common,"","风水宝地","만물의 울림 (노랑나비)","",
Common,"","17310010017","풍류의 선율","",
Common,"","天地万籁","풍류의 선율","",
Common,"","丝竹雅韵","풍류의 선율","",
Common,"","17310010012","곡경심유 (파랑나비)","",
Common,"","曲径寻幽","곡경심유 (파랑나비)","",
Common,"","17310010009","사건","",
Common,"","不平事","사건","",
Common,"","17310010003","묘묘냥","",
Common,"","妙妙喵","묘묘냥","",
Common,"","17310010004","고양이","",
Common,"","猫戏","고양이","",
Common,"","17310010090","야외 제사 (빨간나비)","",
Common,"","野祀游火","야외 제사 (빨간나비)","",
Common,"","17310010008","묘물","",
Common,"","蹊跷","묘물","",
Common,"","奇珍采集","묘물","",
Common,"","17310010010","영지","",
Common,"","营地","영지","",
Common,"","17310010016","의술치료","",
Common,"","悬壶治疗","의술치료","",
Common,"","17310010013","화술 논쟁","",
Common,"","话术论道","화술 논쟁","",
Common,"","17310010011","낚시","",
Common,"","渔获之竞","낚시","",
Common,"","17310010005","투호","",
Common,"","投壶雅戏","투호","",
Common,"","17310010014","궁술","",
Common,"","射术比赛","궁술","",
Common,"","射术比试","궁술","",
Common,"","17310010081","강호의 벗","",
Common,"","江湖故人","강호의 벗","",
Common,"","17310010092","견문","",
Common,"","见闻","견문","",
Common,"","万事","만사","",
Common,"","萬事","만사","",
Common,"","17310010018","비무","",
Common,"","以武会友","비무","",
Common,"","17310010002","기연","",
Common,"","奇遇","기연","",
Common,"","17310010079","상기","",
Common,"","象棋","상기","",
Common,"","17310010019","필드 보스","",
Common,"","首领","필드 보스","",
Common,"","17310010020","NPC","",
Common,"","17310010021","회화","",
Common,"","绘画","회화","",
Common,"","17310010022","수집품","",
Common,"","花钱","수집품","",
Common,"","工具","수집품","",
Common,"","手艺","수집품","",
Common,"","17310010023","박물","",
Common,"","铸造","박물","",
Common,"","17310010024","악곡","",
Common,"","乐曲","악곡","",
Common,"","17310010025","서적","",
Common,"","别录","서적","",
Common,"","书籍","서적","",
Common,"","17310010026","잡극","",
Common,"","杂戏","잡극","",
Common,"","17310010027","기술","",
Common,"","奇术","기술","",
Common,"","17310010030","종교 수집","",
Common,"","佛教","종교 수집","",
Common,"","道教","종교 수집","",
Common,"","17310010031","영조","",
Common,"","营造","영조","",
Common,"","17310010032","상인","",
Common,"","商货","상인","",
Common,"","17310010033","성군","",
Common,"","星君","성군","",
Common,"","17310010034","풍물","",
Common,"","风物","풍물","",
Common,"","17310010035","성언","",
Common,"","圣言","성언","",
Common,"","17310010083","경계석","",
Common,"","地名","경계석","",
Common,"","17310010080","엽자희","",
Common,"","17310010093","스무고개","",
Common,"","17310010082","상박","",
Common,"","17310010084","만사록","",
Common,"","任务","만사록","",
Common,"","17310010085","무학","",
Common,"","武学","무학","",
Common,"","17310010086","심법","",
Common,"","心法","심법","",
Common,"","17310010087","기술 습득","",
Common,"","17310010088","기타 수집","",
Common,"","173100100592","사건","",
Common,"","17310010091","스무고개","",
Common,"","17310013036","만사지","",
Common,"","燕雲","연운","",
Common,"","燕雲十六声","연운","",
Common,"","Where Winds Meet","연운","",
Common,"","开封","개봉","",
Common,"","御苑北","황궁 후원 북쪽","",
Common,"","御苑南","황궁 후원 남쪽","",
Common,"","梓匠居","목판소","",
Common,"","鸿沟古渠","홍구 운하","",
Common,"","望淮南崖","회남 절벽","",
Common,"","飞花渡","비화나루","",
Common,"","武成王庙","무성왕묘","",
Common,"","琵琶沟","비파 계곡","",
Common,"","承恩镇","승은촌","",
Common,"","七阀坡","칠벌고개","",
Common,"","不伏马场","난마장","",
Common,"","不羡仙","불선선","",
Common,"","丰禾村","풍화촌","",
Common,"","临江驿","강변역참","",
Common,"","丹崖地下","단애 지하","",
Common,"","伏马庄","순마장","",
Common,"","佛光顶","불광정","",
Common,"","佛光顶地下","불광정 지하","",
Common,"","佛爷寨","불야채","",
Common,"","千佛村","천불촌","",
Common,"","太平钟楼","태평종루","",
Common,"","丹崖","적색 절벽","",
Common,"","将军祠","장군 사당","",
Common,"","将军祠地下","장군 사당 지하","",
Common,"","弱水岸地下","약수의 근원 지하","",
Common,"","慈心山院","자심 산원","",
Common,"","慈心镇","자심촌","",
Common,"","抱山湖","포산호수","",
Common,"","春秋别馆","춘추별관","",
Common,"","春秋别馆地下","춘추별관 지하","",
Common,"","望川坪","망천 평원","",
Common,"","来生岸","내세의 언덕","",
Common,"","浣石浦","완석포","",
Common,"","烧瓷岭","소자령","",
Common,"","璧泉山","벽천산","",
Common,"","神仙渡","신선 나루","",
Common,"","竹林旧居","대나무 숲 옛집","",
Common,"","花海","꽃의 바다","",
Common,"","荒蚀林","침식의 숲","",
Common,"","菩提苦海","보리고해","",
Common,"","萤渊","형연","",
Common,"","藏贤岗","현자의 언덕","",
Common,"","龙虎岭","용호령","",
Common,"","알 수 없음","지역 미할당","",
Common,"","曲坊后院","곡방 후원","",
Override,"17310010083","_common_description","","{name} 빠르게 이동할 수 있게 해금하는 경계석.",
Override,"17310010083","615084257280","불야채","불야채가 '불야'채로 불리긴 하지만 진짜 스님은 한 명도 없다. 예를 들어, 우두머리인 '왕생불' 혜용은 일부러 머리를 빡빡 깎은 것 같지만 사실은 대머리가 집안 유전이다. 이러한 돌중들은 한때 선묘주에서 공짜로 먹고 자며 시줏돈을 챙겼다. 그러다 불교 탄압 후에는 자심산원 혜약의 인솔 하에 지나가는 백성들이나 상인들을 약탈했다. 그런데 혜용이 혜약을 대신해 우두머리가 되고 싶어 하여, 돌중들끼리 싸움이 끊이질 않았다고 한다.",
Override,"17310010083","747569737728","순마장","사타 석경당은 나라를 팔아 부귀영화를 누렸다. 그는 거란이 침입해 연운 십육주를 함락시키도록 만들었다. 그 일로 유주에서 대대로 말을 기른 기씨는 청하로 이주할 수밖에 없었고, 풀이 많고 아름다운 이곳에 순마장을 세웠다. 세종이 북벌할 때 기씨는 황실에 말을 바쳐, 전마를 통해 가문을 일으키려고 했다. 그러나 북벌에 실패했고 순마장도 점차 몰락했다. 하지만 그곳의 훌륭한 말들은 여전히 모두가 탐을 냈다. 순마장의 전마가 뛰어난 이유는 장주에게 집안 대대로 내려온 말 조련 비법이 있기 때문이라고 한다.",
Override,"17310010083","831766196224","난마장","순마장이 청하에 세워진 뒤 남쪽에 마장을 열었다. 마장에서 키우는 말은 대부분 사나워서 보통 사람은 길들이기가 어려웠고 그래서 난마장이라는 이름이 붙었다. 강호에 마장의 사나운 말을 길들일 수 있는 자가 있다면, 시도해 봐도 좋다.",
Override,"17310010083","32987930624","연화선원","연화선원의 원래 이름은 연꽃선원이다. 스스로 '환희불'이라고 칭하는 혜묘가 돌중 무리를 이끌고 이곳을 점거한 뒤, 자비를 베풀고 약한 자를 돕는다는 명목으로 부녀자를 납치하고 있다. 혜묘는 선원의 이름을 '세상의 아름다운 꽃을 아낀다'라는 뜻인 '연화'로 바꿨다. 참으로 파렴치하다. 혜묘는 말이 많고 사실을 왜곡하는 것에 뛰어나니, 말재주가 있다면 논쟁해 보는 것도 좋겠다.",
Override,"17310010083","818619920384","장군 사당 지하","수년 전, 거란족은 장군 사당을 무너뜨렸지만 청하 협객의 믿음까지 무너뜨리지는 못했다. 황폐한 장군 사당 지하에 숨겨진 사당이 있을 줄은 누구도 상상하지 못했을 것이다.",
Override,"17310010083","811195310080","장군 사당","장군이 누구인지 청하의 젊은 주민들은 이미 잊은 지 오래이다. 하지만 노인들은 난세 속에서 오랑캐를 쫓아내고 국경을 수비하며, 이곳의 평화를 지킨 청천문의 장군을 여전히 기억하고 있다. 그런 장군의 은혜에 보답하고자 청하 주민들은 생사당을 세웠다. 예전에 강숙과 당신은 이곳에서 종종 제사를 지냈었다.",
Override,"17310010083","542072680448","북맹 유적","",
Override,"17310010083","134470770688","천애객 (백초야)","백초야는 원래 청하 동쪽 끝에 자리한 이름없는 황야였다. 패주 전쟁 시기 연북맹의 병사들이 뿌린 백초 씨앗으로 생명이 깃들었다. 십수 년이 지난 지금, 이곳을 지키던 장병들은 영령이 되었고, 오직 우거진 풀들만 바람에 살랑거리며 영웅의 이름을 읊조리는 듯하다.",
Override,"17310010083","957946310656","북쪽 대나무 숲","강숙의 옛터 북쪽에 있는 대나무 숲은 큰 강과 인접해 있고, 숲이 깊고 넓다. 대나무 잎사귀가 바스락거리고, 새와 짐승이 그 사이를 오간다. 어릴 때 이곳을 자주 찾았고, 북쪽 대나무 숲이라고 부르곤 했다.",
Override,"17310010083","37243961344","대나무 숲 은거지","이곳은 강숙의 옛집이자 당신이 어렸을 때 무술을 익힌 곳이다. 강숙은 한향선에게 어린 당신을 보살펴 달라고 했다. 당신은 매일 비바람 속에서도 이곳을 오갔기에 매우 익숙하다. 그러나 강숙이 떠난 뒤로는 이곳에 거의 오지 않았다. 돌보는 이가 없는 초가집은 결국 세월을 이겨내지 못하고 폐허가 됐지만 옛 은혜를 한 번도 잊은 적은 없다. 올해 개연례 때, 강숙에게 개연주를 드리기위해 몰래 집을 찾았다. 강숙은 분명 이곳을 그리워할 테니까.",
Override,"17310010083","729209942016","완석포","수하강 주변의 돌밭은 일 년 내내 강물에 씻겨 내려가 기이한 돌들이 생겨나기로 유명하다. 한때 돌조각에 정통한 대가가 이곳에 은둔하며, 다양한 석상을 조각했다. 다만 지금 이 대가는 정신이 온전치 않은 것 같다.",
Override,"17310010083","527613603840","천애객 (은월산)","신선 나루 남쪽에는 거대한 산이 길게 뻗어 있다. 청하 주민들은 이 산이 구름과 안개로 가득하고 달과 별을 가린다 하여 '은월산'이라 이름을 붙였다. 은월산은 남쪽으로 용호령, 북쪽으로 불선선, 서쪽으로 중원과 마주하고, 동쪽으로 백초야와 접하며 각지로 통하는 교차로이다.",
Override,"17310010083","362518720512","적색 절벽","절벽에서 길을 잃은 산 사람이 위기에서 탈출한 뒤, 자신이 산속에서 겪은 신기한 일을 얘기한 적이 있다. 그의 말로는 적색 절벽 위에 호수가 있는데, 달빛 너머로 호수 위에 비친 신녀의 모습을 봤다고 한다. 신녀는 말로 형용할 수 없을 만큼 아름다운 자태로 호수 속에서 고독하게 누군가가 돌아오기를 기다리고 있다.",
Override,"17310010083","495133167616","월호 통로","은월산에 숨겨진 호수 아래의 잔도는 전설에 따르면 월신이 속세를 오가는 길이라고 한다. 이곳에서 무슨 일이 있었는지는 알 수 없으나, 현재는 잔도가 완전히 끊어져서 통행할 수 없는 위험한 길이 되었다. 이곳으로 간 사람은 돌아올 수 없고, 호수로 들어간 자는 나갈 수 없다. 이 잔도를 파괴한 자는 아마도 세상과 단절되기로 결심한 것 같다.",
Override,"17310010083","462649339904","낙성천","과거 거란이 패주를 침공했을 때, 청하의 백성들은 도탄에 빠졌다. 수많은 영웅들이 힘을 내며 싸운 덕분에 간신히 청하를 지킬 수 있었다. 이제 청하는 안정되었고, 영웅은 사라지고 그들의 이야기만이 전해진다. 낙성천 쪽에 있는 매화 말뚝 아래에서 누군가 영혼의 흔적을 봤다고 한다.",
Override,"17310010083","232604348416","곡방 후원","신선 나루 양조장 곡방 뒤에 있는 작은 뜰이다. 이곳에는 없는 도구가 없어서, 주민들이 망가진 물건들을 가져와 수리할 수 있다.",
Override,"17310010083","291324604416","신선 나루","신선 나루는 술을 빚는 것으로 유명하다. 거란이 칩입 했을 때, 한 낭자는 이곳에서 청하 각지의 유랑민들을 받아들이고 그들에게 술을 만드는 기술을 전수하여 오늘날의 신선 나루 마을이 생겼다. 현재 신선 나루의 고별주는 중원에서 이름을 떨치고 있어 '고별주 한 잔이면 신선이 부럽지 않다'라는 말이 있다.",
Override,"17310010083","754285072384","신선 나루 서쪽","신선 나루 서쪽에는 외부로 통하는 조운 부두가 있다. 매년 고별주 술독을 여는 시기가 되면, 수많은 장사꾼들이 이 부두를 통해 각지로 고별주를 판매한다. 한때 세상과 단절되었던 이 산골 마을도 태평성대가 도래하면서 점차 외부와 교류하게 되었다.",
Override,"17310010083","292229472256","주육산림","주육산림의 당주 혜광과 불야채의 당주 혜용, 연화선원의 당주 혜묘 세 사람은 의형제를 맺었다. 그중 혜광은 탐욕이 끝이 없고 술을 즐겨 마셔 스스로 '술보다 강한 의지 주육불'이라고 부른다. 주육산림을 소탕하려면 주량으로 혜광의 기세를 누르는 것도 방법일 것이다.",
Override,"17310010083","383099068416","인연의 길","벽천산 앞 오솔길을 따라가면 부처와 인연을 맺을 수 있는 불광정에 도착한다. 인연의 길에서 인연은 모이면 생기고, 끊임없이 변하며 영원하지 않다. 부처란 본래 오고 감이 없는 존재다.",
Override,"17310010083","791378157568","천애객 (선묘주)","이곳은 한때 융성한 불법의 땅이어서 선묘주라 불렸다. 선묘주 중에는 불광정이 있고, 정상에는 보탑이 하나 있다. 전해지는 바에 의하면 묘선 선사가 이곳에서 법석을 열고 경을 설파할 때 불광이 나타났다고 한다. 아쉽게도 선사가 떠난 지 오래되어 불광이 비추는 광경은 오래전부터 보이지 않는다.",
Override,"17310010083","700250222592","보리고해","수많은 악인을 처단했던 보리고해도 이제는 폐허에 불과하다. 무너진 담벼락 안에 누가 남아있는 것일까? 오직 울려 퍼지는 북소리만이 사람들의 호기심을 자극한다.",
Override,"17310010083","123471650816","내세의 언덕","보리고해 끝에 드넓은 꽃의 바다가 있다. 늪지를 건너야만 햇살이 가득한 이곳에 도착할 수 있다. 과거, 한 고승이 물가에서 깨달음을 얻었는데, 그때 하늘에서 수많은 천녀들이 내려와 만수사화를 뿌려서 꽃의 바다가 되었다고 한다. 이후 성불한 고승의 육신은 꽃의 바다 한가운데에서 돌부처가 되었고, 지금까지도 사람들에게 공양을 받고 있다.",
Override,"17310010083","224827006976","불광정","한때 이곳은 불광과 부처의 흔적이 나타나며 불가의 인연이 깃든 곳이었다. 불광이 다시 이곳을 비추면, 성승이 옛 땅에 돌아오신다고 전해진다.",
Override,"17310010083","755125444608","이별의 길","벽천산 뒤편의 오솔길을 따라 하산하면 부처와 인연이 끊어진다. 이별의 길에서 인연이 모두 사라지고, 오고 가는 것들은 영원하지 않다. 부처란 본래 오고 감이 없는 존재다.",
Override,"17310010083","499872686080","천불곡","불상이 성행하던 시기에 자심촌에서 온 불상 조각사들은 이곳의 절벽을 깎아 불상을 새겨 보리대사 세계를 만들었다. 그러나 수년이 흐른 뒤, 세종이 불교 금지 정책을 펼치자 불상의 영광은 예전 같지 않았다. 지금은 산골짜기의 수많은 불상들이 우뚝 선 채 묵묵히 오가는 유객들을 맞이하고 있다. 그들이 고난의 바다를 건너 극락의 언덕에 이르도록 이끈다.",
Override,"17310010083","585075777536","자심 산원","옛 이름은 법화선원이며, 청하에서 향불이 가장 왕성하던 사원이었다. 주지 묘선 선사가 불광정에서 경을 설파할 때, 불광이 나타났다고 전해진다. 불교 탄압이 시작된 후에 묘선 선사는 행방이 묘연해졌고, 그의 수제자인 혜약이 선원을 맡게 되었다. 혜약은 선원의 이름을 자심산원으로 바꾸고, 더는 불교를 섬기지 않고 '불화'를 만들어 자심촌 백성들에게 피해를 줬다. 그 이유는 아직도 알 수 없다.",
Override,"17310010083","667380604928","자심촌","자심촌은 원래 석공촌이라 불렸다. 석공이 많기로 유명했기 때문이다. 정관 연간에 불교가 동쪽으로 전해지며, 불상 조각사 양 씨가 제자들을 이끌고 멀리서 찾아왔다. 그는 석공촌에 터를 잡고 불상 조각에 전념했다. 그가 만든 불상은 장엄하고 위엄이 있었고, 그 명성이 널리 퍼지며 마을의 이름이 자심촌으로 바뀌었다.",
Override,"17310010083","266394464256","불선선","신선 나루 서쪽 끝자락에는 한향선이 운영하는 불선선 객잔이 자리하고 있다. 오직 불선선에서만 한향선이 직접 빚은 고별주를 맛볼 수 있다. 매년 개연 의식은 이곳에서 거행된다. 의식이 끝나면, 불선선은 손님들로 북적이고, 흐르는 물에 술잔을 띄우며 다 함께 술 독을 열어 마음껏 마시는 장관이 펼쳐진다.",
Override,"17310010083","362674712576","약수의 근원","세상에는 물줄기가 약해 배를 띄울 수 없는 물이 있는데, 사람들은 이를 약수라고 부른다. 약수를 건너면 모든 고난을 이겨낼 수 있다고 하나, 그 모습을 본 이는 한 명도 없다. 이곳이 아마 약수의 시작점일 것이다.",
Override,"17310010083","719039885312","약수안 종점","기울여진 달 동굴 밑에서 아득한 노랫소리가 나의 꿈을 가르는 칼을 주시네. 순수함이 이 혼 깃든 땅을 공경하여 우레 울림과 붉은 물결 다 차지하리.",
Override,"17310010083","215722254336","약수안 입구","기울여진 달 동굴 밑에서 아득한 노랫소리가 나의 꿈을 가르는 칼을 주시네. 순수함이 이 혼 깃든 땅을 공경하여 우레 울림과 붉은 물결 다 차지하리.",
Override,"17310010083","15708639232","청풍 언덕","산과 물에 둘러싸인 이곳은 바람과 물결이 거세 쉽게 건널 수 없고, 산골짜기에서는 폭포가 흘러내려 푸른 연못을 이룬다. 유객들과 행인들은 종종 이곳을 찾아 풍경을 즐긴다. 전해지는 바에 의하면, 한때 산적과 도적들이 이 땅을 노려 거점을 세우려 했으나, 지나가던 소년 의원에게 단숨에 소탕당한 뒤로는 더 이상 풍파가 없었다고 한다. 그런데 언제부터인지 신비한 인물들이 이곳에 들어와 무언가를 수색하는 듯 이곳 저곳을 뒤지고 다닌다.",
Override,"17310010083","128174706688","별관 앞산","춘추별관은 귀족의 피서지였다고 전해진다. 개봉과 청하 경계에 위치하며, 도로의 요충지를 지키고 있다. 왕조가 바뀌면서 이 별관도 서서히 황폐해졌다.",
Override,"17310010083","570105643008","별관 뒷산","춘추별관은 귀족의 피서지였다고 전해진다. 개봉과 청하 경계에 위치하며, 도로의 요충지를 지키고 있다. 왕조가 바뀌면서 이 별관도 서서히 황폐해졌다.",
Override,"17310010083","489981853696","사슴 연못","사슴 숲에는 수많은 도적이 있다. 소문에 따르면 이 도적들은 녹림의 도천왕과 밀접한 관계가 있다고 한다. 지금 사슴 연못 주변에 도적들이 모이고 있다고 하니, 지나갈 때 조심하자.",
Override,"17310010083","419609960448","사슴 숲","사슴 숲은 은월산 남쪽 기슭에 자리하고 있다. 이곳에 사슴 무리가 많아 사슴 숲이라 불린다. 근래 세상이 어지러워지면서, 녹림의 도천왕 부하들이 이곳을 차지했다. 지나가는 상인들은 각별히 조심해야 한다. 산길을 지날 때, 녹림의 도적들을 만날 수도 있다.",
Override,"17310010083","212243431424","용호채","용호채는 녹림 도천왕의 수하인 장룡, 장호, 장표가 결성한 녹림 세력이다. 현재 삼당주 장표는 동쪽으로 멀리 떠났고, 장룡과 장호 두 당주만 있다. 소문에 따르면 삼당주 장표는 용호채라는 이름에 자신이 빠진 것에 화가 나서 떠났다고 한다. 물론 어디까지나 소문일 뿐이다.",
Override,"17310010083","125085794304","망천 평원","강물이 동쪽으로 흐른다. 이곳은 개봉과 강 하나를 사이에 두고 있다. 이곳을 지나는 모든 상인들은 강 위의 절경을 볼 수 있다. 수많은 사람들이 밤낮없이 이곳을 지나가고, 물은 해와 달처럼 영원히 흐른다.",
Override,"17310010083","7922106368","강변역참","물가에 외롭게 서 있던 전 왕조의 작은 객잔은 강호의 참사로 인해 폐기되었다. 송나라 초기에 조정은 청하를 확실히 제어하고자 관리를 이곳에 파견했고, 강변 역참으로 이름을 바꿨다.",
Override,"17310010083","909800558592","황혼촌","마을의 원래 이름은 이미 세월 속에서 잊혔다. 황혼촌은 헛된 전설을 두려워하는 자들이 붙인 이름일 뿐이다. 외부 사람들에게 있어 이곳은 절대 다가가면 안 되는 곳이다.",
Override,"17310010083","830867951616","도자기 가마","신선 나루의 고별주를 빛는 데 쓰이는 도구는 모두 이곳에서 만들어진다. 불선선의 송구운은 이곳의 도자기 스승으로부터 도자기 굽는 기술을 전수받았다. 지금은 스승이 돌아가시고 송구운만이 남아 장사를 이어 나가고 있다.",
Override,"17310010083","709965434880","은월산 정상","사람들은 태평종루 아래에 숨겨진 동천이 있는 걸 모른다. 동천에는 거대한 태극 진법이 조용히 돌아가고 있다. 문진관 제자가 있었다면, 백마 역참의 변란이 일어난 뒤 십상 전인이 남긴 음양 비술이라는 걸 알아챘을 것이다. 이것은 문진관에서 오래전에 사라진 비전의 비밀이기도하다.",
Override,"17310010083","999511744512","은월산 계곡","연운의 땅을 잃은 뒤, 북방의 철기병들이 맹렬하게 위협하자 뜻이 있는 자들은 정교한 탐지술로 청하의 곳곳을 연결하고자 했다. 그러나 군주가 일찍 세상을 떠나면서 지하도는 점차 폐허가 됐고, 심지어 꿍꿍이를 품은 자들에게 이용되었다.",
Override,"17310010083","626680983552","시왕묘","주세종은 동맹을 일으키고 장작 가마를 만들었기에 민간의 수공업자들이 신처럼 떠받들며 공양했다. 이곳의 묘당이 바로 도자기 가마 장인들이 세운 것이다. 그들은 시왕께 품질 좋은 도자기를 빛어낼 수 있게 해달라고 빌었다. 그러나 왕조가 바뀌면서, 새로운 왕조는 백성들이 시영에게 제사를 지내지 못하게 했고 그렇게 묘당은 황폐해졌다. 지금은 버려진 묘당을 화염 용무늬를 가진 세력이 완전히 차지했다.",
Override,"17310010083","510767198208","활명의 관","불선선에 위치한 활명의관. 천불수 의원이 운영하며, 그가 자리를 비울 때는 제자인 요초야가 병자를 치료한다. 악명높은 치료비로 마을 주민들 사이에서는 '악덕 의관'이라고 불린다.",
Override,"17310010083","442072887296","풍화촌","풍화촌의 마을 주민은 모두 전란을 피해 연북에서 이주한 유랑민으로, 세종의 보호 아래 이곳에 자리를 잡았다. 수년간의 노력끝에 이제는 풍성한 논밭을 갖춘 평온한 마을이 되었고 난세의 흔적은 씻은 듯이 사라졌다.",
Override,"17310010083","720756654080","포산호수","은월산 아래에 청산을 둘러싼 호수가 하나 있다. 호수 물은 맑고, 맛이 달콤하다. 오가는 주민들은 대부분 이곳에서 물을 길어 간다.",
Override,"17310010083","362032992256","장경각","불광탑을 처음 세울 때, 장인들은 경전을 보관할 전당을 지으려고 했으나 묘선 선사가 거절했다. 그는 사람을 불러 불광탑 지하에 은밀한 방을 건설했고, 모든 불경을 이곳에 감췄다. 그 심오한 뜻을 아는 이는 없다.",
Override,"17310010083","536763940864","천불 동굴","선묘주의 백성들은 대부분 불교를 믿는다. 묘선 선사가 불광정에서 불광을 드러낸 뒤로, 백성들은 자발적으로 불광정에 모여 깊은 동굴을 팠다. 그리고 벽에 수많은 불상을 조각하며 믿음을 드러냈다.",
Override,"17310010083","272480784384","형연·아래","영초가 가득한 어두운 동굴. 이곳에는 한때 장생선인이 살았다고 전해지며 희미한 노래 소리에 이끌려 빠져 죽은 이들도 있다고 한다.",
Override,"17310010083","148572217344","형연·연못","영초가 가득한 어두운 동굴. 이곳에는 한때 장생선인이 살았다고 전해지며 희미한 노래 소리에 이끌려 빠져 죽은 이들도 있다고 한다.",
Override,"17310010083","851433373696","형연·길","영초가 가득한 어두운 동굴. 이곳에는 한때 장생선인이 살았다고 전해지며 희미한 노래 소리에 이끌려 빠져 죽은 이들도 있다고 한다.",
Override,"17310010083","120323223552","춘추당","",
Override,"17310010083","468570992640","은룡 연못 아래","본래 전조 주세종의 청년 때의 별관이었다. 3년 전 주세종이 병사한 후 이곳은 문을 닫았고 청소하는 사람 몇 명만 남았다. 지금 이 별관에 뜻밖의 손님들이 찾아왔는데 여기에 무슨 비밀이 숨겨져 있는 걸까?",
Override,"17310010008","_common_description","","강호 사람들 모두가 찾고자 하는 물건",
Override,"17310010008","Enchanting Lotus","노래하는 백목련","",
Override,"17310010008","1358","노래하는 백목련","",
Override,"17310010008","Redmist Beetle","붉은 탐욕","",
Override,"17310010008","Whisper Hive","속삭이는 벌집","",
Override,"17310010008","Ironwing Mantis","금강 사마귀","",
Override,"17310010008","Dagger General","비견 장군","",
Override,"17310010008","1290","비견 장군 3마리","",
Override,"17310010031","43","{region} 제작 구역","{region} 거주민의 제작 구역으로, 목공 장인이 지어 간단한 제작을 할 수 있다. <br><br><h3>사용 가능한 기능</h3><ul style=""list-style-type: disc; padding-left: 20px; margin-left: 0;""><li>단로</li><li>부뚜막</li><li>연약대</li><li>목공대</li></ul>",신선 나루
Override,"17310010031","71","{region} 제작 구역","{region} 제작구역은, 이씨 대장장이가 지은것으로, 마을 주민이 물건을 제작하기 편리하게 만들어졌다. <br><br><h3>사용 가능한 기능</h3><ul style=""list-style-type: disc; padding-left: 20px; margin-left: 0;""><li>단로</li><li>부뚜막</li><li>연약대</li><li>목공대</li></ul>",
Override,"17310010079","420","왕대연","<h3>{name}</h3><img src=""https://wherewindsmeet.wiki.fextralife.com/file/Where-Winds-Meet/wang-dayan-where-winds-meet-wiki-guide.jpg"" alt=""{name}""><br />{name}은 상기를 무척 좋아하지만, 실력은 평범하다. 그래도 초보자들을 입문시키는 선생으로는 충분하다. 그는 낮에는 신선 나루의 마당에서 식량이 마르는 것을 살펴야 하기에, 밤이 되어서야 귀가해 상기를 익힌다. 그와 상기를 두려면 반드시 시간을 잘 살펴야 한다!<hr class=""deco"" /><h3 class=""bonfire"">참가 비용</h3><img src=""https://wherewindsmeet.wiki.fextralife.com/file/Where-Winds-Meet/commerce-coin-map-marker-icon-where-winds-meet-wiki-guide.png"" alt=""단맥전""> X 10<hr class=""deco"" /><h3 class=""bonfire"">보상</h3><div class=""row""><div class=""col-sm-6""><img src=""https://wherewindsmeet.wiki.fextralife.com/file/Where-Winds-Meet/commerce-coin-map-marker-icon-where-winds-meet-wiki-guide.png"" alt=""단맥전""> X 20",
Override,"17310010079","718","연형","{name}은 한때 세종 황제 휘하의 지략가로 상기에 매우 능했다. 그의 상기 실력은 수많은 전쟁 속에서 깨우치고 단련된 것으로, 상기를 통해 전장을 모의하고 국면을 밀어낼 수 있었다. 그러나 부인 기성과 즐겁게 상기를 두는 경우를 제외하면, 요즘은 마을에서 좀처럼 기량을 드러내지 않았다. 그런데 최근 기성이 화가 나 친정으로 돌아갔는데, 늘 아내를 사랑하던 {name}은 조급해 하기는 커녕 오히려 상기판을 두고 전세를 풀어내는 데 몰두하니, 참으로 기이하고도 이상한 일이다!",
Override,"17310010079","388","엽비휴","<h3>{name}</h3><img src=""https://wherewindsmeet.wiki.fextralife.com/file/Where-Winds-Meet/ye-buxiu-where-winds-meet-wiki-guide.png"" alt=""{name}""><br />{name}의 상기 실력은 매우 뛰어나 젊었을 때는 당 명종의 궁정 기수로 일하기도 했다고 전해진다. 그는 도박 상기를 생계의 기술로 삼았으나, 탐욕을 부리지 않고 오히려 하루에 한 사람당 최대 세 판까지만 두도록 규칙을 정했다. 도박 상기에 빠져 세 판을 넘어 집요하게 달려드는 자가 있어도, 엽비휴는 늘 웃으며 교묘하게 돌려보냈다. 왕대연은 그가 상기를 가볍게 대하는 태도를 못마땅히 여겨 공공연히 또 은밀히 수없이 그를 ‘늙은 여우’라 욕하였다.<hr class=""deco"" /><h3 class=""bonfire"">참가 비용</h3><img src=""https://wherewindsmeet.wiki.fextralife.com/file/Where-Winds-Meet/commerce-coin-map-marker-icon-where-winds-meet-wiki-guide.png"" alt=""단맥전""> X 50<hr class=""deco"" /><h3 class=""bonfire"">보상</h3><div class=""row""><div class=""col-sm-6""><img src=""https://wherewindsmeet.wiki.fextralife.com/file/Where-Winds-Meet/commerce-coin-map-marker-icon-where-winds-meet-wiki-guide.png"" alt=""단맥전""> X 100",
Override,"17310010079","1010","기성","<h3>{name}</h3>{name}은 순마장의 큰고모이자 현 장주 기비준의 고모였다. 어릴 적부터 상기에 매료되었고, 시집간 뒤에도 초심을 바꾸지 않아 세속적인 일에는 신경 쓰지 않았다. 남편 연형은 이를 이해하고 너그럽게 받아들여 자주 맞춰 주었다. 부부는 평소 화목했으나 최근에는 알 수 없는 이유로 틈이 생겼고, 기성은 화가 나 친정인 순마장으로 돌아와 매일 상기판을 연구하며, 겸사겸사 누군가가 찾아와 고개 숙여 사과하기를 기다리고 있었다.",
Override,"17310010087","87186915328","기술 · 허공섭물","'훔쳐배우기 - 수상한 대결 임무를 먼저 완료해야 합니다. 메인스토리를 진행하면 자연스럽게 발동됩니다. 만약 메인 퀘스트를 완료한 후에도 비결을 얻지 못했다면, **풍화촌**에서 **구월해**를 찾아보세요.","","./image/{id}.png"
Override,"17310010087","39126065152","기술 · 금옥점혈수","먼저 완석포의 경계석에 도착한 후, 남서쪽으로 향하여 석상들이 모여 있는 곳에 도착합니다. 그곳에서 엄기인을 만나게 됩니다. 그와 이야기를 나누세요.",
Override,"17310010087","24135319552","기술 · 속세의 장막","잔편 임무인 '속세의 흐린 눈동자'를 완료해야 합니다. 퀘스트 안내를 따라 NPC '천불수'와 대화하십시오.",
Override,"17310010087","271664013312","기술 · 비첨 2개 (이동 기술)","청하의 묘물을 충분히 수집한뒤, 오음지태평으로 가서 제출하면 비첨 기술 2개와 심법 2개를 얻을수 있습니다.",
Override,"17310010087","906496876544","기술 · 천공의 일격","청하의 협적 중 첫 번째 '변치 않는 강산'을 완료하세요.",
Override,"17310010087","239745007616","기술 · 유성 낙하","엽만산(叶万山)의 특정 기술이 무력화된 후에는 스택이 쌓이며, 스택을 모두 쌓은 뒤 그를 격파하면 획득할 수 있습니다.",
Override,"17310010087","897188388864","기술 · 합마공","장군 사당의 근처 양소룡이라는 NPC에게서 임무를 받아 얻을수 있습니다.",
Override,"17310010087","239084650496","기술 · 사자후 (1)","사자후 습득에 필요한 종의 위치.",
Override,"17310010087","613208702976","기술 · 사자후 (2)","사자후 습득에 필요한 종의 위치.",
Override,"17310010087","10823790592","기술 · 음양의 교차","임무를 따라가기만 하면 됩니다.",
Override,"17310010087","574394527744","기술 · 창공의 유성","잔편의 임무인 '구름 속 발걸음'을 완료해야 합니다. 황혼촌의 경계석으로 가서 동남 방향으로 이동한 후, 임무 지시에 따라 어부와 대화합니다.",
Override,"17310010087","574394527744","기술 · 창공의 유성","잔편의 임무인 '구름 속 발걸음'을 완료해야 합니다. 황혼촌의 경계석으로 가서 동남 방향으로 이동한 후, 임무 지시에 따라 어부와 대화합니다.",
Override,"17310010087","880196825088","기술 · 묘령의 그림자","임무를 따라가기만 하면 됩니다.",
Override,"17310010087","281284067328","기술 · 사자후 (3)","사자후 습득에 필요한 종의 위치.",
Override,"17310010087","154855825408","기술 · 사자후 (4)","사자후 습득에 필요한 종의 위치.",
Override,"17310010087","695856848896","기술 · 응조권법","춘추별관 동남쪽 산기슭을 따라 오르면, 높은 산봉우리에 '망응정(望鷹亭)'이라 불리는 정자가 보입니다. 절벽 가장자리에 서면, 바위 틈에 홀로 앉아 장염을 바라보는 한 마리의 늙은 응(鷹)을 마주하게 될 것입니다.",,,[https://youtu.be/1KG7BJP2Bi0?si=TMwGgCNQ7zRNVTzc]
Override,"17310010087","228029927424","기술 · 암야의 휘광","권장 획득 방법· '형연' 던전/임무 해금 과정에서 획득 가능",
Override,"17310010087","609764442112","기술 · 무쇠 낙하","입수 방법: 수수께끼 병영 첫 클리어 보상 + 유룡 열쇠(소모)",
Override,"17310010087","802687414272","기술 · 태백취권","습득 조건: 홍점주, 장미주, 잔향주, 강산벽주 술 구매 필요",
Override,"17310010087","506192637952","기술 · 금강의 호법 + 속박의 자유"
Override,"17310010087","179689979904","기술 · 거위의 절규","탐험 임무: 누가 진정한 패왕인가를 진행하며 곰을 패고있는 거위에게 훔쳐 배우세요."
Override,"17310010087","529273180160","기술 · 구름 위 질주","시체에서 루팅할수 있습니다. 이미지를 참조하세요.",,"./image/{id}.png"
Override,"17310010023","159105531904","봉황 날개 투구","먼저 망토 위로 점프한 다음, 다시 점프해서 G 키를 누르세요. 그게 싫다면, 점프할 필요 없이 마우스로 클릭하면 바로 획득할 수 있습니다.<hr>봉황 날개 모양의 장식이 달린 투구. '봉시괴'라고도 불리며 송나라 때 자주 사용되었다. · 송나라 <무경총요>",,[./image/{id}.png|./image/{id}_2.png]
Override,"17310010023","308832407552","산문갑","중국식 갑옷. 산자 모양으로 제작되어 산문갑이라고 불렸고 철편을 '엇갈림 결합법'으로 서로 연결하여 제작했으며 송나라 때 크게 유행하였다.<hr>당 태종 19년에 백제국에 사신을 보내 금칠을 가져와 철갑옷에 칠하니, 노란색과 보라색으로 빛나며 황금빛도 보였다. 또 오색으로 검은 철을 물들여 산문갑을 만들었다 ... · 송나라 <책부원구>"
Override,"17310010022","799507918848","오 장수 손무의 화전","민속 화전 중 하나. 상기 놀이에 사용되는 화전 형태의 상기말이다. 고대 명장들을 주조한 것으로 한 면에는 장수 이름이 있고 다른 면에는 기마도나 말이 새겨져 있다. 이 화전은 '오 장수 손무'의 명성을 기리기 위해 주조됐다.<br><hr>오나라 장수 손무'를 대표하는 타마격전"
Override,"17310010031","787015438336","격자문","개폐식 채광 격자문. 당나라 때의 판문과 직릉창을 결합하여 발전시킨 것이다. 목제 틀에 상부는 방격자, 구형무늬 등 다양한 격자로 되어 있고 하부는 방수판으로 구성되어 쉽게 닫히고 빛이 잘 투과한다.",,"./image/{id}.png"
Override,"17310010022","527144255488","주옹","술을 담는 용기. 남방에서는 자기 주옹을 많이 쓰고 서북 지방에서는 와기 주옹을 주로 사용한다.<hr><p>새 주옹의 경우 재불 7근을 독 위에 덮어 두고 골고루 뜨거워지면 기름과 밀납을 전체에 바른다. 오래된 독을 초겨울에 사용할 때는 반드시 훈증을 거쳐야 한다. 방법은 반쪽 벽돌을 받침으로 삼고 그 위에 독을 올려놓은 후, 독 위에 메밀짚을 올려놓고 불의 강약을 조절하면서 독 가장자리에서 검은 액체가 나올 때까지 찐다. 그런 다음 물로 3~5번 씻고 말려서 사용하면 된다. 또한 옡칠을 하면 더욱 좋다.</p>",,"./image/{id}.png"
Override,"17310010001","17353351168","강무랑 · 낡은 창","{spoiler}강무랑은 대장간을 지나다가 무심한 척 창 한 자루를 샀다. 세상 무심한 얼굴로 몰래 당신을 위해 창을 손질해 주었다. 향선 이모 몰래 연습하던 시간은 차츰 부자 간의 비밀스러운 추억이 되었다. 가끔 사색이 길어질 때면, 강무랑은 이런 생각을 했다. “훗날 네가 강호의 풍파를 겪게 될 때 왜 그때 너를 말리지 않았느냐고 나를 원망하게 될까?”{/spoiler}",
Override,"17310010008","38988750848","속삭이는 벌집","강호 사람들 모두가 찾고자 하는 물건.<hr>금실 벌은 허리에 금빛 줄무늬가 있으며, 투명한 날개를 가졌다. 윙윙거리는 소리는 마치 속삭이는 것 같다. 강호인들은 이 벌의 꼬리침을 채취해 독으로 사용한다. 숲속 나뭇가지에 둥지를 틀고 살며, 불이 나면 잠시 둥지를 버리고 달아났다가도 곧 돌아온다. 이 벌집은 불과 물에도 잘 견디며, 안에서는 여전히 속삭이는 것 같은 소리가 들린다."
Override,"17310010002","939053293568","흔들리는 붉은 꿈 5","이곳의 활쏘기 NPC와 대화하고, 대결 후 마지막 편지를 획득하여, 인벤토리에서 확인하세요."
Override,"17310010002","917257125888","흔들리는 붉은 꿈 6","편지를 읽은 후, 대나무 숲 오두막 뒤편 빛나는 곳에서 붉은 끈을 줍습니다."
Override,"17310010008","255802253312","속삭이는 벌집","절벽에 속삭이는 벌집이 있습니다.<hr>금실 벌은 허리에 금빛 줄무늬가 있으며, 투명한 날개를 가졌다. 윙윙거리는 소리는 마치 속삭이는 것 같다. 강호인들은 이 벌의 꼬리침을 채취해 독으로 사용한다. 숲속 나뭇가지에 둥지를 틀고 살며, 불이 나면 잠시 둥지를 버리고 달아났다가도 곧 돌아온다. 이 벌집은 불과 물에도 잘 견디며, 안에서는 여전히 속삭이는 것 같은 소리가 들린다."
Override,"17310010008","387209527296","붉은 탐욕","남해에서 온 기이한 버섯이 청하 일대에 널리 자라며, 종종 금빛과 붉은빛이 도는 기이한 벌레들이 모여들어 동전이 부딪히는 듯한 소리를 낸다. 이 벌레를 불에 태우면 금을 얻을 수 있다고 하여 이를 두고 강호인들 사이의 쟁탈이 치열해, 벌레를 찾으려 고개를 드는 순간 적에게 치명상을 입은 사례도 있다. 그리하여 사람들은 이를 '붉은 탐욕'이라고 부른다."
Override,"17310010008","502930374656","노래하는 백목련","대나무 숲 옛집에서 활로 하늘을 나는 보라색 나비를 쏜 후, 노래하는 백목련을 채집하세요.<hr>난세에 필히 생기는 식물. 폐허나 황무지에서 자라며 바람이 불면 아련한 노랫소리가 울려 퍼진다. 꽃잎은 사람의 눈을 닮았고, 꽃가루는 환몽에 빠지게 하는 독성을 지녔으며, 꽃 주위를 맴도는 독 나비를 사살하면 해독이 된다."
Override,"17310010003","477653295104","검자루 만지기 · 파죽지세","대나무를 자르세요."
Override,"17310010004","811574419456","고양이 · 원추리","낮에 만약 찾지 못했다면, 시간을 밤으로 바꿔서 한번 보세요. 위치가 약간의 오차가 있을 수 있으니, 위아래로 움직이며 살펴보세요."
Override,"17310010025","9207406592","별록 · 무명 도법","진자해가 강염을 알게 된 지 얼마 되지 않았을 무렵, 그가 항상 책을 읽고 있다는 것을 발견했다. 강염은 낮에도 밤에도, 술을 마실 때조차 틈만 나면 책을 읽었다. 진자해는 이토록 집중하는 강염을 보며, 그가 강호의 일화를 읽는다고 생각했다. 그 좋은 것을 앞장서서 나와 함께 나누지 않는다니, 자신을 벗으로 여기지 않는다 생각해 매우 괘씸했다.<br>그리하여 진자해가 하는 수없이 먼저 강염에게 청했다.<br><br>“문파의 물건인지라, 말할 수 없다네.” 강무랑이 단호히 거절하자, 진자해의 궁금증은 더욱 커졌다. 혹시 문파의 어떤 비화라서 외부에 발설할 수 없는 것인가?<br><br>진자해는 애타는 마음을 참을 수 없어, 강염이 깊게 잠든 틈을 타, 보따리에서 몰래 책을 꺼내 보았다. 제목 없는 낡고 평범한 책 같아 보였다. 그러나 첫 번째 장을 펼쳐본 진자해는 그 자리에 얼어붙고 말았다. 책에는 도법 초식이 빼곡히 적혀있었다. 강무랑이 밤낮없이 끼니도 거르며 보던 것은 ... 도법이었다. 도대체가 이 사람을 재밌다고 해야할지, 따분하다고 해야 할지 헷갈렸다.<br>이튿날 아침, 강무랑이 다시 그 도법을 펼쳐 수련을 준비하려던 찰나, 왠지 모르게 더 빼곡해진 주석을 발견했다.<br><br>'주: 이리도 어렵고 난해하다니. 그대의 문파는 혹시 천서파인 것이오?'<br>'주: 설령 이 책이 세상에 알려지더라도 흥미를 가질 자는 아무도 없을 것이오. 안심하시오 ... '<br>'주: 다 읽긴 했네만, 이해는 되지 않소. 구태여 더 볼 필요는 없겠소.'<br>'주: 강염, 술 한잔 어떻소?'<br><br>강무랑은 눈썹을 찌푸리며, 진자해를 올려다보았다. 진자해가 살랑살랑 부채질하며, 웃음을 머금고 물었다. 술 한잔 어떻소 강염?"
Override,"17310010022","689315164160","조 기병 특륵의 화전","민속 화전 중 하나. 상기 놀이에 사용되는 화전 형태의 상기말이다. 고대 명장들을 주조한 것으로 한 면에는 장수 이름이 있고 다른 면에는 기마도나 말이 새겨져 있다. 이 화전에는 '조 기병 특륵'이라는 문구가 새겨져 있다.<br><hr>조나라 기병 특륵'을 대표하는 타마격전",
Override,"17310010002","424583553024","기연 · 강호의 아이 2","오른쪽 보물상자 수호자를 모두 처치해야 아이가 나타납니다! 고정된 위치가 아니며, 캠프를 정리한 후 캠프 근처에서 확률적으로 발생합니다.<hr>당신은 다시 소평안이라는 아이를 만났다. 그는 당신이 보여준 구현의 검무를 매우 만족스러워 하며 새로운 요구를 했다. 바로 광란문의 풍뢰의 징표를 배워오라는 것이었다. 인연이 닿는 날, 다시 백초야에서 만나기로 약속했다."
Override,"17310010002","5862354944","기연 · 강호의 아이 4","소평안 4번째 만남<hr>당신은 다시 소평안이라는 아이를 만났다. 그는 당신이 보여준 구현의 검무를 매우 만족스러워 하며 새로운 요구를 했다. 바로 광란문의 풍뢰의 징표를 배워오라는 것이었다. 인연이 닿는 날, 다시 백초야에서 만나기로 약속했다."
Override,"17310010002","115075035136","기연 · 강호의 아이 끝","노인과의 대화 (발동 조건: 근처 야영지 정리 필요, 선택 지역: 장군사당·백초야)<hr>당신은 다시 소평안이라는 아이를 만났다. 그는 당신이 보여준 구현의 검무를 매우 만족스러워 하며 새로운 요구를 했다. 바로 광란문의 풍뢰의 징표를 배워오라는 것이었다. 인연이 닿는 날, 다시 백초야에서 만나기로 약속했다.",
Override,"17310010010","380005478400","영지 · 수금루","수금루의 영지입니다."
Override,"17310010010","137482432512","영지 · 수금루","수금루의 영지입니다."
Override,"17310010006","958729416704","영지 상자 · 수금루","근처에 수금루의 영지가 있으므로, 몰살한후 보물상자를 획득하세요.",
Override,"17310010006","814566723584","영지 상자 · 수금루","근처에 수금루의 영지가 있으므로, 몰살한후 보물상자를 획득하세요.",
Override,"17310010012","519123918848","파란나비","파란나비가 있습니다.",
Override,"17310010008","791339106304","노래하는 백목련","대나무 숲 옛집에서 활로 하늘을 나는 보라색 나비를 쏜 후, 노래하는 백목련을 채집하세요.<hr>난세에 필히 생기는 식물. 폐허나 황무지에서 자라며 바람이 불면 아련한 노랫소리가 울려 퍼진다. 꽃잎은 사람의 눈을 닮았고, 꽃가루는 환몽에 빠지게 하는 독성을 지녔으며, 꽃 주위를 맴도는 독 나비를 사살하면 해독이 된다.",
Override,"17310010014","440786599936","요원","요원이 넓은 지역을 발견하고, 당신을 활솜씨 겨루기에 초대합니다.",
Override,"17310010085","366227447808","동굴 탐험 · 천계의 수호","천계의 수호를 배울수 있는 동굴 입구입니다.",
Override,"17310010007","159821959168","상자 (지하)","천계의 수호를 훔쳐 배울수 있는 동굴을 탐색하여 획득할수 있습니다.",
Override,"17310010006","511318814720","상자 (지상)","물 가운데에 상자가 있습니다.",
Override,"17310010007","271864672256","상자 (지하)","천계의 수호를 훔쳐 배울수 있는 동굴을 탐색하여 획득할수 있습니다."
Override,"17310010007","417171869696","상자 (지하)","천계의 수호를 훔쳐 배울수 있는 동굴을 탐색하여 획득할수 있습니다."
Override,"17310010085","842033553408","천계의 수호","여기에서 유룡열쇠를 사용하여 기관을 열고 동굴로 들어가면 기술을 훔쳐 배울 수 있습니다."
Override,"17310010086","95986065408","심법 · 군신의 묘약","이곳에서 유룡열쇠로 장치를 열고 동굴로 들어가 보물 상자를 획득하세요.",
Override,"17310010007","5714841600","상자 (지하)","천계의 수호를 훔쳐 배울수 있는 동굴을 탐색하여 획득할수 있습니다.",
Override,"17310010001","949025845248","강무랑 · 제향의 투구","집 안의 보물 상자에서 획득 하고, 장군 사당 아래에서 과거의 유물 추적 가능.",
Override,"17310010006","635457630208","상자 (지상)","집 내부에서 획득 가능.<br>내용물은 제향의 투구 (과거의 유물)"
Override,"17310010008","979720310784","노래하는 백목련","대나무 숲 옛집에서 활로 하늘을 나는 보라색 나비를 쏜 후, 노래하는 백목련을 채집하세요.<hr>난세에 필히 생기는 식물. 폐허나 황무지에서 자라며 바람이 불면 아련한 노랫소리가 울려 퍼진다. 꽃잎은 사람의 눈을 닮았고, 꽃가루는 환몽에 빠지게 하는 독성을 지녔으며, 꽃 주위를 맴도는 독 나비를 사살하면 해독이 된다."
Override,"17310010006","147777716224","영지 상자 · 녹림","경계석 근처에 녹림 영지가 있으므로, 몰살한후 보물상자를 획득하세요."
Override,"17310010006","242526842880","상자 (지상)","근처에 상자가 존재."
Override,"17310010006","354485399552","영지 상자 · 녹림","경계석 근처에 녹림 영지가 있으므로, 몰살한후 보물상자를 획득하세요."
Override,"17310010010","992791527424","영지 · 녹림","녹림의 영지입니다."
Override,"17310010090","123307945984","야외 제사 · 상자","V를 눌러 빨간 선을 찾아 나비를 찾고 제사를 완료한 뒤, 보상(상자)를 얻으세요."
Override,"17310010006","681067323392","상자 (지상)","태극을 이용하여 곰을 바위에 날려보내 돌을 부시고 보상을 획득하세요.",
Override,"17310010008","489966641152","속삭이는 벌집","태극권을 배울수 있는 곰 근처 나무에 속삭이는 벌집이 존재합니다.<hr>금실 벌은 허리에 금빛 줄무늬가 있으며, 투명한 날개를 가졌다. 윙윙거리는 소리는 마치 속삭이는 것 같다. 강호인들은 이 벌의 꼬리침을 채취해 독으로 사용한다. 숲속 나뭇가지에 둥지를 틀고 살며, 불이 나면 잠시 둥지를 버리고 달아났다가도 곧 돌아온다. 이 벌집은 불과 물에도 잘 견디며, 안에서는 여전히 속삭이는 것 같은 소리가 들린다.","","./image/{id}.png"
Override,"17310010086","725795991552","심법 · 월하의 섬광","묘물을 제출하고 월하의 섬광을 얻으세요."
Override,"17310010086","583904452608","심법 · 무공의 경지","묘물을 제출하고 무공의 경지를 얻으세요."
Override,"17310010006","995691782144","상자 (지상)","근처에 상자가 존재합니다.","","./image/{id}.png"
Override,"17310010092","216488542208","견문 · 곰의 야망","{spoiler}선행 조건: 스킬 '영혼의 공명'를 해금해야 합니다. 이 곰을 찾은 후 V 키를 누르면 견문을 획득할 수 있습니다. 해당 지역은 대나무 숲 지역이나, 장군 사당 견문입니다.{/spoiler}","장군 사당"
Override,"17310010008","636295163904","비견 장군","상자를 부시면 비견 장군를 획득할수 있습니다.<hr>형가가 옛 친구 전광과 이곳에서 소리를 듣는 술법을 겨루며 돌 속에 숨은 귀뚜라미를 먼저 찾는 시합을 했고, 형가가 승리하자 전광이 장난삼아 '돌을 가르는 비견 장군'이라 했다. 형가가 세상을 떠난 뒤 청하 사람들은 이러한 귀뚜라미를 '비견 장군'이라 불렀다."
Override,"17310010006","470165135360","상자 (지상)","근처에 상자가 존재합니다."
Override,"17310010003","175831179264","묘묘냥 · 인화수집","일정 시간 내에 지정된 수량의 인화를 수집해 도전을 완료하고 보상을 얻으세요."
Override,"17310010008","833318129664","붉은 탐욕","강호 사람들 모두가 찾고자 하는 물건.<hr>남해에서 온 기이한 버섯이 청하 일대에 널리 자라며, 종종 금빛과 붉은빛이 도는 기이한 벌레들이 모여들어 동전이 부딪히는 듯한 소리를 낸다. 이 벌레를 불에 태우면 금을 얻을 수 있다고 하여 이를 두고 강호인들 사이의 쟁탈이 치열해, 벌레를 찾으려 고개를 드는 순간 적에게 치명상을 입은 사례도 있다. 그리하여 사람들은 이를 '붉은 탐욕'이라고 부른다."
Override,"17310010010","625418399744","영지 · 수금루","수금루의 영지입니다."
Override,"17310010006","351717990400","영지 상자 · 수금루","근처에 수금루의 영지가 있으므로, 몰살한후 보물상자를 획득하세요. "
Override,"17310010003","329204293632","묘묘냥 · 인화수집","일정 시간 내에 지정된 수량의 인화를 수집해 도전을 완료하고 보상을 얻으세요."
Override,"17310010084","791536603136","대협 비급 · 임무 수락","NPC 용아와 대화후 대협 비급 임무를 수락합니다."
Override,"17310010084","283318747136","대협 비금 · 임무 완료","NPC 용아와 대화하고 아이템을 제출하여 임무를 완료합니다."
Override,"17310010084","892799819776","대협 비급 1","근처에 첫 단서, 굵은 나무가 있으므로 공격하여 나무를 없애고 퀘스트 아이템을 획득하세요."
Override,"17310010006","209603051520","상자 (지상)","폭포 안에 상자가 있습니다."
Override,"17310010006","816174243840","상자 (지상)","돌 위에 상자가 있습니다."
Override,"17310010006","772143763456","야외 제사","폭포 근처에 장치가 있으므로, 무쇠 낙하를 이용하여 활성화 하고 보상을 획득하세요.","","./image/{id}.png"
Override,"17310010084","169678409728","대협 비급 3","흰 새를 떨어뜨리고, 퀘스트 아이템을 획득하세요."
Override,"17310010006","605481959424","영지 상자 · 수금루","근처에 수금루의 영지가 있으므로, 몰살한후 보물상자를 획득하세요."
Override,"17310010010","508409901056","영지 · 수금루","수금루의 영지입니다."
Override,"17310010006","497726095360","상자 · 지살신","상자 안에 지살신이 있습니다! 처리하면 자동으로 보상을 얻습니다."
Override,"17310010084","45128417280","대협 비급 2","탑을 올라가 퀘스트 아이템을 획득하세요."
Override,"17310010003","649145802752","묘묘냥 · 인화수집","일정 시간 내에 지정된 수량의 인화를 수집해 도전을 완료하고 보상을 얻으세요."
Override,"17310010010","944781455360","영지 · 녹림","녹림의 영지입니다. 몰살 후 상자를 루팅 가능합니다."
Override,"17310010006","147202760704","영지 상자 · 녹림","녹림의 영지 내 몰살 후 상자 루팅 가능."
Override,"17310010002","697082560512","기연 · 우물 속 사람","자시(子時)로 시간을 조정한 후, '기연'이라는 글자가 나타나면 됩니다."
Override,"17310010002","137578598400","기연 · 강호의 아이 1","소평안과 대화. 고정된 위치가 아니며, 백초야 영지를 정리한 후 영지 근처에서 확률적으로 발생합니다. 소평안 앞에서 해당 무학을 보여주어야 합니다."
Override,"17310010010","507107336192","영지 · 녹림","녹림의 영지입니다. 몰살 후 상자를 루팅 가능합니다."
Override,"17310010006","368263249920","영지 상자 · 녹림","녹림의 영지 내 몰살 후 상자 루팅 가능."
Override,"17310010081","317366730752","채팔건","핵심 내용은 장군 사당을 함께 보호하고 도적, 말도둑 등을 무찌르는 것입니다."
Override,"17310010008","18707324928","노래하는 백목련","활로 하늘을 나는 보라색 나비를 쏜 후, 노래하는 백목련을 채집하세요.<hr>난세에 필히 생기는 식물. 폐허나 황무지에서 자라며 바람이 불면 아련한 노랫소리가 울려 퍼진다. 꽃잎은 사람의 눈을 닮았고, 꽃가루는 환몽에 빠지게 하는 독성을 지녔으며, 꽃 주위를 맴도는 독 나비를 사살하면 해독이 된다."
Override,"17310010081","966012448768","초연화","상대방에게 오빠가 폐허에 있는 것을 보았고, 그가 매우 슬퍼하고 있었다고 전해 주세요. 그녀는 당신이 정말로 본 게 맞는지 재차 확인할 것입니다. 폐허 내에서 이 과정이 진행되면 퀘스트 성공입니다."
Override,"17310010006","634782044160","상자 (지상)","스크린샷을 참조하여 상자를 얻으세요."
Override,"17310010008","300103180288","비견 장군","돌 뭉텅이를 부숴서 비견 장군을 얻을수 있습니다.<hr>형가가 옛 친구 전광과 이곳에서 소리를 듣는 술법을 겨루며 돌 속에 숨은 귀뚜라미를 먼저 찾는 시합을 했고, 형가가 승리하자 전광이 장난삼아 '돌을 가르는 비견 장군'이라 했다. 형가가 세상을 떠난 뒤 청하 사람들은 이러한 귀뚜라미를 '비견 장군'이라 불렀다."
Override,"17310010004","570525396992","고양이 · 대두","야옹! 야옹! 쓰다듬자."
Override,"17310010006","322463125504","상자 (지상)","태극권을 이용하여 곰을 이곳에 던져 보상을 획득하세요."
Override,"17310010035","523382964224","하진도비","당문종이 위박절도사 하진도를 위해 세운 덕정비. 유공권이 비문을 쓰고 당문도가 전액을 썼으며, 육유는 이를 '석각의 걸작'이라 칭송했다. 송나라 대관 2년, 양자미가 정면 비문을 갈아 없애고 휘종의 '오례신의'를 새겨 넣어 원래의 비문은 소실되었다.<hr>‘북도에는 장홍정이 쓴 위박절도사 전서의 유애비와 유공권이 쓴 하진도의 덕정비가 있는데 모두석각의 걸작이다. 정화 연간에 양좌승 양자미가 부윤으로 있을 때 모두 파괴하고 새로 반포한 <오례신의>를 새겨 넣었다.’ · 송나라 <노학암필기>"
Override,"17310010035","423936016384","이보신비","당나라 성덕절도사 이보신의 잔비. 이무기 머리와 거북 받침대를 갖추고 있다. 이보신은 안사의 난 당시 당나라를 배반한 선봉이었고 또 안록산의 양자여서 사씨 가문으로부터 반역자로 불리며 “입에 올릴 가치도 없다”는 평가를 받았다. 그러나 비문에 따르면, 그는 재임 시기 호타하의 홍수를 다스렸고 평하의 가뭄을 해결했으며, 세금을 감면하고 잡세를 면제해 백성들의 사랑을 받았다.<hr>당나라 성덕 ... 7주 절도 ... 조의 땅 상산, 그 웅장함 ... 이름은 보신, 자는 위보 ... 신의의 업적, 오랑캐를 적대시하고 변방을 수호하며 출진하여 공격했다 ... 어떤 자는 이 틈에 소란을 피우는데, 군자는 어둠 속에서도 구제를 생각한다. 아니 ... 가족의 권력과 병권을 거머쥐고 폭동을 막아 덕을 쌓았고, 강을 다스려 침수를 방지했다 ... · 당나라 <성덕절도사이보신비>"
Override,"17310010035","324291801088","나양비","당나라 말기 위박 절도사 나홍신의 신도비. 문덕 원년(888년) 나홍신은 병사들의 전임 절도사 낙언정 부자에 대한 불만을 이용해 권력을 차지했고, 그 세력은 3대에 걸쳐 후량 때까지 이어졌다.<hr>아버지 이름은 진이시며 위박 절도사 휘하 군영의 보좌 관리로 계셨다. 아버지는 어려서부터 비범한 절개를 세웠고 소탈하고 남달랐다. 당시 호걸들과 교류하며 죽음을 가볍게 여기고 의리를 중히 여겼다 ... 그 후로 마을 백성들은 그를 존경하고 사랑했고 먼 곳의 사람들도 많이 찾아왔다 ... 건부 3년 6월 11일, 관인방의 사저에서 병으로 별세하셨고 향년 69세였다 ... 같은 해 11월 24일, 예의에 따라 귀향현 영제향 채림으로 이장하였고 은혜로 공부 상서를 하사받았다 ... 이 비는 용기  원년 기유년 3월 병진삭 경신일에 세웠다. · 당나라 공승억 <전당문보편>"
Override,"17310010022","520948301824","주산","중국 고대의 계산 도구. 책, 주책, 산가지라고도 불린다. 그 기원은 매우 오래되어 춘추전국시대에 이미 기록이 있다. 산가지는 대나무, 나무, 동물 뼈 등 재료로 만든 길이와 굵기가 같은 작은 막대인데 여러 개를 한데 묶어 휴대가 용이하다. 계산이 필요할 때마다 꺼내 배열하여 사용한다.<hr>계산에 사용하는 대나무는 너비 2분, 길이 3촌이다. 양수의 계산은 세개 한 묶음 씩 216개로 육각 형태를 이루는 건의 계산 방식을 사용한다. 음수의 계산은 네개 한 묶음 씩 144개로 사각 형태를 이루는 곤의 계산 방식을 사용한다. · 당나라 <수서-율력지>"
Override,"17310010081","325768581120","방욱","장군 사당 무술 대련장에 있는 청천문 제자, 무술 대련의 인기 인물."
Override,"17310010081","807681527808","원금강","장군 사당 무술 대련장에 있는 강호의 나그네. 원금강과 무술 대련에서 승리하면 업적 ‘금강의 몰락’을 달성할 수 있습니다."
Override,"17310010081","769588858880","조헌원","조헌원은 나이가 많은데도 아내가 없어 마음이 허전하다네. 그에게 기운을 내라고 권해보라."
Override,"17310010002","37790330880","흔들리는 붉은 꿈 3","먼저 가방에 있는 편지를 읽고, 청소하는 농부 뒤의 항아리를 깨트리세요."
Override,"17310010002","36491456512","기연 · 사당의 만인결투","장군 사당에서 열리는 연무대 대회의 열기가 하늘을 찌른다. 홍연은 이미 당신의 참가신청을 썼다. 하지만 당신은 의기양양한 방욱보다, 연무대 옆에서 울고 있는 거한이 더 마음에 걸린다. 그에게 말 못 할 사정이 있는 것인가? 네 명의 '평범해 보이는' 마을 사람들과 한두 수 겨루면 분명 기이한 일을 만날 수 있다."
Override,"17310010018","426811129856","두교선","상대를 쓰러뜨리자."
Override,"17310010081","38943969280","공손등","사람을 태극권으로 날려버리는 특별한 NPC입니다.<br>* 공손등이 태극권을 사용할 때는 멀리 떨어져 있다가, 그가 사용을 마치면 빠르게 접근하여 몇 번 공격하면 상대방이 힘이 빠집니다.<br>* 공손등에게서 멀리 떨어져 원을 그리며 피하다가 그가 먼저 공격해 오면 E 키를 사용하여 소모시키면 힘이 빠지게 할 수 있습니다."
Override,"17310010081","397293383680","공손 할배","상대를 쓰러뜨리자."
Override,"17310010084","483849084928","묘묘 사원","복운보에게 방울을 제출하자."
Override,"17310010003","88839077888","묘묘냥","석상을 들어 알맞은 위치에 세우세요."
Override,"17310010006","806377021440","상자 (지상)","나무 근처에 상자가 있습니다."
Override,"17310010008","244317372416","속삭이는 벌집","강호 사람들 모두가 찾고자 하는 물건.<hr>금실 벌은 허리에 금빛 줄무늬가 있으며, 투명한 날개를 가졌다. 윙윙거리는 소리는 마치 속삭이는 것 같다. 강호인들은 이 벌의 꼬리침을 채취해 독으로 사용한다. 숲속 나뭇가지에 둥지를 틀고 살며, 불이 나면 잠시 둥지를 버리고 달아났다가도 곧 돌아온다. 이 벌집은 불과 물에도 잘 견디며, 안에서는 여전히 속삭이는 것 같은 소리가 들린다."
Override,"17310010081","427454115840","왕휘겸","왕휘겸은 과거를 회상하며 희생된 장병들을 추모하고 소협에게 역사를 기억할 방법에 대한 제안을 부탁한다."
Override,"17310010010","188557430784","녹림 · 영지","녹림의 영지입니다. 몰살 후 근처에서 상자를 루팅 가능합니다."
Override,"17310010006","694676570112","녹림 · 상자","녹림의 영지 내 몰살 후 상자 루팅 가능."
Override,"17310010088","592369115136","거짓된 영광","영혼의 공명' 능력을 획득한 후, 장군사당 뒤편에 있는 누렁이와 대화하세요. 그러면 복운엽, 복운보 두 사람을 알게 되며, '거짓된 영광' 업적을 획득할 수 있습니다. 만약 누렁이가 없다면, 장군 사당 안쪽의 누렁이에게 축구공을 줘야 합니다.",,,[https://www.youtube.com/watch?v=VkPTgEl4pcs|https://www.youtube.com/watch?v=i49ALiNMiWI]
Override,"17310010008","169626771456","노래하는 백목련","활로 하늘을 나는 보라색 나비를 쏜 후, 노래하는 백목련을 채집하세요.<hr>난세에 필히 생기는 식물. 폐허나 황무지에서 자라며 바람이 불면 아련한 노랫소리가 울려 퍼진다. 꽃잎은 사람의 눈을 닮았고, 꽃가루는 환몽에 빠지게 하는 독성을 지녔으며, 꽃 주위를 맴도는 독 나비를 사살하면 해독이 된다."
Override,"17310010005","726855630848","투호 · 송희저","투호 대결을 할수 있는 NPC 입니다."
Override,"17310010004","499079757824","고양이 · 도현","야옹! 야옹! 쓰다듬자."
Override,"17310010035","142672551936","송경비","당나라 4대 명재상 송경의 신도비. 안진경이 비문을 지어 송경의 "삼조를 섬기며 강직하고 아부하지 않았던" 치적을 상세히 기록했다. 기세가 당당하고 용이 날고 봉황이 춤추는 듯한 필치로 조명성의 <금석록>에서 '상등품'으로 꼽혔다.<hr>... 모래 강에 묻히니 호위 행렬이 웅장하고 온 조정이 조문을 하고 하윤이 상례를 호위했다. 생전에는 영예롭고 사후에는 애도를 받았으며 길 가는 이도 슬퍼하며 아이가 부모님을 그리워하듯 울음을 터뜨렸다. 높은 무덤은 거록 부근에 우뚝 서고 무성한 나무들이 산줄기를 둘러쌌다. 아! 광평이여 이 햇빛 없는 곳에서 영면하니 효손은 공경하며 저술할 때 결코 잊지 않으리라. 비석을 세우니 만고에 빛나리라. · 당나라 <당상송문정공신도비기>"
Override,"17310010035","672012320768","적인걸비","적인걸 사당의 비석. 당나라 원화 7년 위박절도사 전홍정이 적공을 추모하며 세운 것으로, 적공이 위주에서 자사로 있던 시절의 치적을 기록하였다.<hr>주나라의 덕운은 목행에 대응하고, 진나라의 국운은 수행에 대응한다. 두씨 ... 교화에 참여하여 조정 위에서 다스리니, 하늘이 당나라를 열고 충신을 탄생시키리라 ... 도가 목처럼 강직하고 웅변의 재능으로 조정에 응할 수 있다. 한마디라도 도의에 어긋나면 죽음을 각오하노라. 태자의 도량은 바다처럼 넓고 태양처럼 빛나니, 다섯 명의 현신이 비로소 창성하여 함께 옥당에 모이리라 ... · 당나라 <적량공사비>"
Override,"17310010035","605213700096","전홍정비","전홍정비는 한유가 비문을 짓고 가묘에 세운 것이다. 전홍정은 원래 위박군 내 병마사였으나 후에 병사들에게 추대되어 주군이 되었으며 6주를 이끌고 조정에 귀순했다. 원진은 “전홍정이 처음으로 6주의 군사를 이끌고 조정에 귀순하여 선제의 웅대한 계획을 실행하고 하북의 옛 풍속을  바꾸었다. 가혹한 정책을 폐지하고 은혜와 화합을 선포하였으며, 백성을 자기 몸처럼 사랑하고 병사들을 자식처럼 길렀다. 충효를 우선으로 가르침을 베풀어 위군의 사제들이 1년 만에 은혜를 알고, 2년 만에 예의를 알며, 3년 만에 길에서 서로 양보하게 되었다. 그리고 남으로는 회, 채를 정벌하고, 동으로는 청, 제를 토벌하였으며, 북으로는 조 땅을 평정했다. 큰 공훈과 빛나는 업적은 모두 위군에서 비롯되었다”고 평가했다.<hr>전홍정이 위나라의 풍속을 처음 바꾸고 선제의 지혜로운 계책을 실행했으며 근래에 진주로 가서 폐하의 신무를 선양하였습니다. 충성과 공로가 커서 사람들은 그를 그리워하며 비석을 새기길 소원합니다. 폐하께서는 외부로 대신들에게 조서를 내리고 내부로 한림에게 위임하여 훌륭한 글을 선택하여 그 공적을 알려야 합니다. 어찌 각별한 은총을 내리시고 친히 어명으로 미천한 저에게 맡기시니 이는 상례가 아닙니다. 신은 이전에 특별한 은혜로 발탁되어 오로지 죽음으로 보답하고자 우매한 정성으로 여러 번 대면을 청하였습니다. 작년 9월 이후로 헛된 비방을 받아 다시 천안을 뵙지 못하여 쇠락함과 함께, 영원한 은혜의 희망이 끊어질꺼라 생각하였습니다. 어찌 성은이 오래도록 계시어 저의 이름을 기억하시고, 신더러 비문을 쓰라고 상주하는 사람이 없음에도 친히 맡기시니, 신은 목석이 아닌지라 인정이 남아 있으므로 감격의 마음을 품었으나 죽음으로 보답할 기회를 얻지 못하였습니다. 은혜에 감사하고 보답하고자 하는 마음을 다할 뿐입니다. <br>· 당나라 원진 <주서로 전홍정비문을 짓게 한 것에 대한 사은장>"
Override,"17310010011","430995374080","왕운연","낚시를 즐기는 오랜 벗."
Override,"17310010006","499398299648","상자 (지상)","장치가 있으므로, 무쇠 낙하를 이용하여 활성화 하고 보상을 획득하세요.",
Override,"17310010010","47984115712","영지 · 녹림","녹림의 영지입니다. 몰살 후 상자를 루팅 가능합니다."
Override,"17310010006","575432507392","영지 상자 · 녹림","녹림의 영지 상자입니다. 몰살 후 상자를 루팅 가능합니다."
Override,"17310010008","429711368192","금강 사마귀","금강 사마귀 입니다.<hr>날아다닐 때마다 금속이 부딪히는 듯한 소리를 내며 길을 안내하고, 길가의 꽃으로 변장해 말발굽 소리를 듣는다. 전설에 따르면 이는 강호인의 영혼으로 날개는 생전에 그들이 아끼던 검으로 변한 것이라 전해진다."
Override,"17310010002","9445752832","기연 · 강호의 아이 3","아래 진영의 적 세 명을 처치하면 나타납니다. 고정된 위치가 아니며, 캠프를 정리한 후 캠프 근처에서 확률적으로 발생합니다."
Override,"17310010081","126364172288","이문연","이문연은 말로 부하를 제어하는 데 익숙하지 않아, 협객은 그들의 조직 두목인 척 하며 역으로 그를 말로 제어할 수 있을까?"
Override,"17310010084","6642212864","지붕 위의 암살자","지붕에 있는 용오와 대화하십시오. 이후 용오는 춘추별관에 등장합니다.",,[./image/{id}.png|./image/{id}_2.png]
Override,"17310010084","268366852096","폐사당의 비밀","석두에게 말을 걸어 퀘스트를 수락하고, 축국공을 가져오라는 부탁을 받게 됩니다. 무쇠 낙하를 이용해 터널을 뚫고 장군 사당 지하를 해금할수 있습니다.",,[./image/{id}.png|./image/{id}_2.png]
Override,"17310010007","480036933632","장군 사당 지하 · 상자 2","근처에 보물 상자가 있습니다."
Override,"17310010007","437959372800","장군 사당 지하 · 상자 1","근처에 보물 상자가 있습니다."
Override,"17310010007","634700693504","장군 사당 지하 · 상자 3","근처에 보물 상자가 있습니다."
Override,"17310010007","419733696512","장군 사당 지하 · 상자 4","입장 후 석상 기준 오른쪽 위에 보물 상자가 존재합니다."
Override,"17310010007","175316455424","장군 사당 지하 · 상자 5","입장 후 석상 기준 중앙에 보물상자가 존재합니다.",,"./image/{id}.png"
Override,"17310010007","132221747200","장군 사당 지하 · 상자 6","입장 후 석상 기준 왼쪽 위에 보물상자가 존재합니다."
Override,"17310010086","596309200896","철포삼","해당 스크린샷에서 절을 3번 하십시오.",,"./image/{id}.png"
Override,"17310010007","81321574400","장군 사당 지하 · 상자 7","근처에 보물 상자가 있습니다."
Override,"17310010007","579910938624","장군 사당 지하 · 상자 8","근처에 보물 상자가 있습니다."
Override,"17310010019","187774791680","피영사 · 승무","황량한 유적지에서 격렬한 전곡이 울려 퍼졌다. 두 명의 피영사가 쉬지 않고 노래를 부르고 있었고, 그들은 마치 과거와 전투하고 있는듯 했다.<hr>승문, 승무 형제는 어릴 적부터 피영으로 생계를 이어왔다. 한 사람은 노래하고 한 사람은 무예를 펼치며 무대를 꾸몄고 그렇게 무술을 깨달았다. 거란 침공 시기, 형제는 각지의 호협들과 함께 청하팔준을 결성해 청하를 위기에서 구했다. 지금은 북맹 변방에서 피영을 연출하며, 팔준과 함께 적을 막아냈던 옛날을 회상한다.",,,[https://youtu.be/If-7Ow1lQRI?si=oUZACJcwGYrI94U1]
Override,"17310010006","641715453952","단애 · 보물 상자","속세의 흐린 눈동자 퀘스트를 진행하고, 물이 빠지면 월신 조각상으로 이동하여 다음 순서대로 발판을 밟으세요. 해금 방법은 동영상을 참조하세요.",,,[https://youtu.be/dYOR2GERG5g]
Override,"17310010088","943177441280","엄군호의 가족 서신","아들 군호가 절을 올립니다. 수년간 만나지 못해 어머니를 뵐 면목이 없습니다. 올해 겨울은 유달리 추운데, 잘 지내시나요?<br><br>아버지 일을 물으신다면 말씀드리죠. 예전에 아버지가 도둑으로 이름을 알린 것이 너무 부끄러웠습니다. 그래서 집을 떠나 청천문에 방문했고, 지금은 연북맹에 합류해 나라를 지키고 있습니다.<br><br>10년이 순식간에 지나갔습니다. 이제서야 과거 아버지께서 의적으로 행동하신 걸 알게 됐습니다. 몇 년 동안 원망하고 오해했습니다. 어머니께서 편지를 보시면, 저 대신 아버지께 사죄해 주세요. 눈물로 말씀드립니다. 그리고 고향으로 돌아가서 두 분께 효도할 수 없는 절 용서하세요.<br><br>지금 나라가 부서지고, 북방 오랑캐가 쳐들어왔습니다. 전 제 몸을 백성과 나라를 지키는 관문으로 삼겠습니다.<br><br>청하가 무너지면 수많은 가정이 혼란에 빠질 겁니다.<br><br>제멋대로 행동한 저를 용서해 주세요. 풍화촌 친구를 통해 편지를 전합니다. 어머니, 아버지, 걱정하거나 너무 그리워하지 마세요!",
Override,"17310010081","161869479936","진춘양 & 진소범","진춘양은 안전하고 안정적인 거처를 찾아 아들에게 안정된 생활 환경을 제공하고 싶어한다. 진소범은 대협을 동경하는 아이이다.",
Override,"17310010008","753596387328","붉은 탐욕","두번 점프 하여 보상을 얻으십시오.<hr>남해에서 온 기이한 버섯이 청하 일대에 널리 자라며, 종종 금빛과 붉은빛이 도는 기이한 벌레들이 모여들어 동전이 부딪히는 듯한 소리를 낸다. 이 벌레를 불에 태우면 금을 얻을 수 있다고 하여 이를 두고 강호인들 사이의 쟁탈이 치열해, 벌레를 찾으려 고개를 드는 순간 적에게 치명상을 입은 사례도 있다. 그리하여 사람들은 이를 '붉은 탐욕'이라고 부른다."
Override,"17310010004","739785232384","고양이 · 알록이","쓰다듬자! 야옹! 야옹!"
Override,"17310010086","359193952256","청하 심법 · 지축의 분노","피영사 승무를 무찌르면 획득하는 보상입니다."
Override,"17310010008","890410389504","비견 장군","항아리를 부수면 획득 가능<hr>형가가 옛 친구 전광과 이곳에서 소리를 듣는 술법을 겨루며 돌 속에 숨은 귀뚜라미를 먼저 찾는 시합을 했고, 형가가 승리하자 전광이 장난삼아 '돌을 가르는 비견 장군'이라 했다. 형가가 세상을 떠난 뒤 청하 사람들은 이러한 귀뚜라미를 '비견 장군'이라 불렀다."
Override,"17310010081","125145423872","왕운연","장군 사당 밖 어부, 종종 이 사람과 채씨성을 가진 야외의 다른 나무꾼이 평범한 백성으로 위장한 고수라고 의심하는 소협이 있지만 나무꾼들은 아니라고 부정한다."
Override,"17310010008","20433813504","금강 사마귀","날아다닐 때마다 금속이 부딪히는 듯한 소리를 내며 길을 안내하고, 길가의 꽃으로 변장해 말발굽 소리를 듣는다. 전설에 따르면 이는 강호인의 영혼으로 날개는 생전에 그들이 아끼던 검으로 변한 것이라 전해진다."
Override,"17310010090","422133800960","야외 제사 · 상자","V를 눌러 빨간 선을 찾아 나비를 찾고 제사를 완료한 뒤, 보상(상자)를 얻으세요."
Override,"17310010008","429353287680","비견 장군","돌 무더기를 부수고 비견 장군을 얻으세요.<hr>형가가 옛 친구 전광과 이곳에서 소리를 듣는 술법을 겨루며 돌 속에 숨은 귀뚜라미를 먼저 찾는 시합을 했고, 형가가 승리하자 전광이 장난삼아 '돌을 가르는 비견 장군'이라 했다. 형가가 세상을 떠난 뒤 청하 사람들은 이러한 귀뚜라미를 '비견 장군'이라 불렀다."
Override,"17310010001","879809601536","절필 · 열언","배낭을 열고 읽으면 해금됩니다."
Override,"17310010088","883988127744","의형제의 금란보","열가 집안의 두 형제와 대화한 후, 선택지 「그런 것 같아...」를 고르면 획득 가능."
Override,"17310010086","67195985920","청하 심법 · 맹호의 질주","이 구역을 탐험하면 맹호의 질주를 40% 얻을수 있습니다."
Override,"17310010022","833072107520","건초 수레","이곳에 G를 눌러 소량의 장명옥을 얻으세요."
Override,"17310010006","456607178752","상자 (지상)","탑 내부에 상자가 존재합니다."
Override,"17310010006","346938982400","상자 (지상)","성문 내부에 상자가 존재합니다."
Override,"17310010006","776586706944","상자 (지상)","작은 틈 사이로 돌진하여 내부로 들어가 상자를 얻으세요."
Override,"17310010006","93972230144","상자 (발굴)","해당 위치에서 발굴 선택지가 뜹니다 (꽃 위치). 발굴하여 상자를 얻으세요.",
Override,"17310010006","687776231424","상자 (지살신)","상호작용할 경우, 미니 지살신(미믹)이 튀어나와 공격하니 처리하고 보상을 얻으세요. (자동 루팅)"
Override,"17310010002","380437311488","기연 · 강호의 아이 6","근처 영지를 정리하면 랜덤 확률로 기연 · 강호의 아이가 발생합니다."
Override,"17310010022","905086803968","한 장수 이광의 화전","민속 화전 중 하나. 상기 놀이에 사용되는 화전 형태의 상기말이다. 고대 명장들을 주조한 것으로 한 면에는 장수 이름이 있고 다른 면에는 기마도나 말이 새겨져 있다. 이 화전은 '한 장수 이광'의 명성을 기리기 위해 주조됐다.<hr>한나라 장수 이광'을 대표하는 타마격전"
Override,"17310010090","632379912192","야외 제사 · 상자","V를 눌러 빨간 선을 찾아 나비를 찾고 제사를 완료한 뒤, 보상(상자)를 얻으세요.",
Override,"17310010084","104631377920","영령 위로의 말 1","주 씨 할아버지와 대화한후, 만사록 · 영령 위로의 말을 시작합니다."
Override,"17310010084","228396765184","영령 위로의 말 2","이곳에 주 씨 할아버지의 축축한 소지품이 존재합니다. 허공섭물을 이용하세요.",,./image/{id}.png
Override,"17310010017","44451500032","연주 · 고현","고현가 청하가 벗을 찾지 못해 북맹 유적지에서 갑자기 슬픔을 느껴 이 곡을 연주하였다. 여음요량의 수준으로 그와 합주한다면 고금보 <광릉산>을 받게 된다."
Override,"17310010010","662929883136","영지 · 녹림","녹림의 영지입니다. 몰살 후 상자를 루팅 가능합니다."
Override,"17310010006","523974324224","상자 (영지)","이 근처에 녹림의 영지가 존재하므로, 몰살후 루팅이 가능합니다."
Override,"17310010084","588523900928","영령 위로의 말 3","경계석 근처에 주씨 할아버지가 있습니다. 근처 영지에서 술이 가득 찬 항아리를 2개 얻어 주씨 할아버지에게 돌려주도록 합시다."
Override,"17310010084","491933274112","영령 위로의 말 3-1","녹림의 영지에서 적들을 몰살후, 마차에 있는 술을 얻어 주씨 할아버지에게 전달해야 합니다.",,./image/{id}.png
Override,"17310010084","378984996864","영령 위로의 말 3-2","녹림의 영지에서 적들을 몰살후, 마차에 있는 술을 얻어 주씨 할아버지에게 전달해야 합니다.",,./image/491933274112.png
Override,"17310010002","615961538560","미식 계승자","청하 지역의 모든 음식을 먹고 이 장소에 오면 기연이 발동 됩니다."
Override,"17310010004","582943428608","고양이 · 운타타","쓰다듬자! 야옹! 야옹!"
Override,"17310010081","668111761408","이대우","나무를 한 손으로 부술 수 있는 무술을 배워 벌목의 부담을 줄이고 싶어한다."
Override,"17310010010","447910383616","영지 · 녹림","녹림의 영지입니다. 몰살 후 상자를 루팅 가능합니다."
Override,"17310010006","955949494272","상자 (영지)","이 근처에 녹림의 영지가 존재하므로, 몰살후 루팅이 가능합니다."
Override,"17310010006","147780182016","상자 (무쇠낙하)","점프 후 Q를 눌러 (무쇠낙하) 돌 지붕을 부수세요."
Override,"17310010008","176029638656","금강 사마귀","날아다닐 때마다 금속이 부딪히는 듯한 소리를 내며 길을 안내하고, 길가의 꽃으로 변장해 말발굽 소리를 듣는다. 전설에 따르면 이는 강호인의 영혼으로 날개는 생전에 그들이 아끼던 검으로 변한 것이라 전해진다."
Override,"17310010081","937810677760","탕윤보 & 탕명로","탕명로는 충분한 음식과 생활 필수품을 얻어 자신과 어린손자의 기본 생계를 유지할 방법을 찾기를 바라며, 탕윤보는 자신과 할아버지가 배부를 만큼 충분한 음식을 얻기를 바란다."
Override,"17310010081","237785767936","이소운","협객과 함께 치밀한 계획을 세워 산적을 소탕하는 데 성공하기를 바란다."
Override,"17310010025","645445476352","기러기 그림자","한향선에게서 고별주를 건네받은 그 순간, 천불수는 예리하게 기러기 그림자의 있는듯 없는듯한 자취를 감지했다.<br><br>그는 그녀의 향기가 또 다해가고 있음을 알았다.<br><br>“편약경홍, 완약유룡.” 이는 조자건이 낙신을 위해 지은 시로써, 천불수가 낙신에게 바친 선물이자 그가 가장 자랑하는 작품이다.<br><br>난세 속에서 침수향은 이미 천금을 넘어섰다."
Override,"17310010013","344531402752","용호채 도적","용호채 도적에게서 말빨로 발라버리자!"
Override,"17310010003","261621993472","묘묘냥 · 인화수집","일정 시간 내에 지정된 수량의 인화를 수집해 도전을 완료하고 보상을 얻으세요."
Override,"17310010008","305906262016","노래하는 백목련","활로 하늘을 나는 보라색 나비를 쏜 후, 노래하는 백목련을 채집하세요.<hr>난세에 필히 생기는 식물. 폐허나 황무지에서 자라며 바람이 불면 아련한 노랫소리가 울려 퍼진다. 꽃잎은 사람의 눈을 닮았고, 꽃가루는 환몽에 빠지게 하는 독성을 지녔으며, 꽃 주위를 맴도는 독 나비를 사살하면 해독이 된다."
Override,"17310010006","595256102912","상자 (영지)","근처에 녹림의 영지가 있으므로 몰살후 루팅 가능합니다.","완석포"
Override,"17310010081","378959843328","왕대현","청하 수역의 물고기가 얼마나 맛있는지 더 많은 사람들이 알게 되기를 바란다."
Override,"17310010014","812254560256","풍계승","풍계승은 당신을 궁술 대결에 초대합니다."
Override,"17310010010","137087561728","영지 · 녹림","녹림의 영지입니다. 몰살 후 상자를 루팅 가능합니다."
Override,"17310010006","802374782976","상자 (영지)","이 근처에 녹림의 영지가 존재하므로, 몰살후 루팅이 가능합니다."
Override,"17310010013","300763652096","양대유","양대유를 말빨로 발라버리자!"
Override,"17310010010","888721850368","영지 · 녹림","녹림의 영지입니다. 몰살 후 상자를 루팅 가능합니다."
Override,"17310010006","396915609600","상자 (영지)","이 근처에 녹림의 영지가 존재하므로, 몰살후 루팅이 가능합니다."
Override,"17310010006","947350069248","상자 (지상)","앞에 이끼가 있으므로, 불 화살이나 취화유 (화톳불)을 사용하여 무기에 불 속성을 만든뒤 이끼를 없애버리고 상자를 얻자."
Override,"17310010018","541109583872","원백","원백은 당신을 무술 대결에 초대한다. "
Override,"17310010092","433861943296","견문 · 조련술","{spoiler}탐색 스킬 ‘영혼의 공명’ 을 배운 뒤 산양에게 접근해 대화를 발생시키면, 칠벌파 견문 ‘조련술’을 해금할 수 있다.{/spoiler}"
Override,"17310010007","552414941184","상자 (지하)"
Override,"17310010007","622346706944","상자 (지하)"
Override,"17310010007","300995911680","상자 (지하)"
Override,"17310010007","94208200704","상자 (지하)"
Override,"17310010007","238861357056","상자 (지하)","근처에 쌓여 있는 시체들을 조사하면 아이템을 얻을 수 있습니다."
Override,"17310010001","709321478144","낡은 술 단지","오늘 한향선에게서 선익갑 한 벌을 빌리며 이 문서를 증표로 삼는다.<br>만약 갚지 못할 경우 이 아이를 한향선이 양육하며 성년 후 노역으로 빚을 갚을 것.<br><br>고별주 한 단지를 추가로 빌리며 대금은 후일 정산함.<br><br>강무랑<br><br><br>퉤, 웃기고 있네!"
Override,"17310010011","181105668096","초수양","아이 앞에 가서 태극권을 사용해보자!"
Override,"17310010008","792455499776","비견 장군","돌 무더기를 부수고 비견 장군을 얻으세요.<hr>형가가 옛 친구 전광과 이곳에서 소리를 듣는 술법을 겨루며 돌 속에 숨은 귀뚜라미를 먼저 찾는 시합을 했고, 형가가 승리하자 전광이 장난삼아 '돌을 가르는 비견 장군'이라 했다. 형가가 세상을 떠난 뒤 청하 사람들은 이러한 귀뚜라미를 '비견 장군'이라 불렀다."
Override,"17310010081","889275617280","진금송","진금송은 신선 나루로 가려고 했지만, 길을 잃은후 여기저기를 헤매며 다녔던 것 같다. 그녀는 자신의 겪은 일을 누군가와 나누고 싶어 한다.",,"./image/{id}.png"
Override,"17310010010","694952009728","영지 · 수금루","수금루의 영지입니다. 몰살 후 상자를 루팅 가능합니다."
Override,"17310010006","816860389376","상자 (영지)","이 근처에 수금루의 영지가 존재하므로, 몰살후 루팅이 가능합니다."
Override,"17310010004","611358699520","고양이 · 꽃무늬","고양이다! 쓰다듬자! 야옹야옹!"
Override,"17310010001","44524232704","관찰 · 공구 세트","{spoiler}수년간 사용된 조각 공구 세트.<br>수많은 흔적은 몇 달이 아닌 수십 년의 세월을 말해준다.<br>가문 대대로 전해진 공구로, 신기한 조각 기술을 선사한다는 미신이 같이 전해진다.<br>안타깝케도 주인은 소중히 다루지 않았다.<br>강호에 이름난 것은 도둑이지 석공이 아니기 때문이다.{/spoiler}"
Override,"17310010008","962786185216","속삭이는 벌집","나무 위를 살펴보시오."
Override,"17310010003","459315179520","묘묘냥 · 석상","석상을 마주보게 하십시오."
Override,"17310010009","160191827968","속박 수련 · 양철지","금옥점혈수를 이용해 양철지의 수련을 진행하세요."
Override,"17310010018","322185007104","조미야","조미야는 당신을 무술 대결에 초대한다."
Override,"17310010009","587135991808","마왕 거위","섬 건너편의 거위를 태극권으로 물에 빠트려서 죽인후 작은 상자를 수거하고 돌아와서 말거세요."
Override,"17310010081","348178386944","주현완","청하 팔대완(그릇)을 모아 제출하세요. 청하 진행도가 올라갑니다."
Override,"17310010008","122312343552","비견 장군","돌 무더기를 부수고 비견 장군을 얻으세요.<hr>형가가 옛 친구 전광과 이곳에서 소리를 듣는 술법을 겨루며 돌 속에 숨은 귀뚜라미를 먼저 찾는 시합을 했고, 형가가 승리하자 전광이 장난삼아 '돌을 가르는 비견 장군'이라 했다. 형가가 세상을 떠난 뒤 청하 사람들은 이러한 귀뚜라미를 '비견 장군'이라 불렀다."
Override,"17310010081","326948597760","채구산","백초야 숲속의 나무꾼, 종종 이 사람과 채씨 성을 가진 야외의 다른 나무꾼이 평범한 백성으로 위장한 고수라고 의심하는 소협이 있지만 나무꾼들은 아니라고 부정한다."
Override,"17310010009","899731988480","보조 일치"
Override,"17310010008","237395656704","금강 사마귀","날아다닐 때마다 금속이 부딪히는 듯한 소리를 내며 길을 안내하고, 길가의 꽃으로 변장해 말발굽 소리를 듣는다. 전설에 따르면 이는 강호인의 영혼으로 날개는 생전에 그들이 아끼던 검으로 변한 것이라 전해진다."
Override,"17310010008","352550273024","비견 장군","상자 더미를 부수고 비견 장군을 얻으세요.<hr>형가가 옛 친구 전광과 이곳에서 소리를 듣는 술법을 겨루며 돌 속에 숨은 귀뚜라미를 먼저 찾는 시합을 했고, 형가가 승리하자 전광이 장난삼아 '돌을 가르는 비견 장군'이라 했다. 형가가 세상을 떠난 뒤 청하 사람들은 이러한 귀뚜라미를 '비견 장군'이라 불렀다."
Override,"17310010006","472669179904","상자 (지상)"," "
Override,"17310010081","861745082368","송대강","강호를 떠도는 협객, 신선 나루의 유명한 술을 동경하여 찾아왔다."
Override,"17310010010","952037679104","영지 · 녹림","녹림의 영지입니다. 몰살 후 상자를 루팅 가능합니다."
Override,"17310010006","712279891968","상자 (지상)"
Override,"17310010006","450585694208","상자 (지상)","엄 기인 뒤에 상자가 있습니다."
Override,"17310010006","329110151168","상자 (지상)"," "
Override,"17310010084","794420068352","떠돌이 의사","신맛 약병, 악취 약병, 향기 약병을 찾아 떠돌이 의사에게 전해주자."
Override,"17310010010","740120141824","영지 · 녹림","녹림의 영지입니다. 몰살 후 상자를 루팅 가능합니다."
Override,"17310010006","544129908736","상자 (영지)","근처 녹림의 영지에서 몰살후 루팅 하실수 있습니다."
Override,"17310010008","555094167552","비견 장군","돌 무더기를 부수고 비견 장군을 얻으세요.<hr>형가가 옛 친구 전광과 이곳에서 소리를 듣는 술법을 겨루며 돌 속에 숨은 귀뚜라미를 먼저 찾는 시합을 했고, 형가가 승리하자 전광이 장난삼아 '돌을 가르는 비견 장군'이라 했다. 형가가 세상을 떠난 뒤 청하 사람들은 이러한 귀뚜라미를 '비견 장군'이라 불렀다."
Override,"17310010081","62021320704","연무희","연무희의 어머니가 돌아가셨는데 그녀는 가장 아름다운 꽃을 찾고 싶어 한다. 그 꽃이 바로 그녀의 어머니일 거라고 생각한다."
Override,"17310010006","123344084992","상자 (지상)"," "
Override,"17310010008","412521385984","노래하는 백목련","활로 하늘을 나는 보라색 나비를 쏜 후, 노래하는 백목련을 채집하세요.<hr>난세에 필히 생기는 식물. 폐허나 황무지에서 자라며 바람이 불면 아련한 노랫소리가 울려 퍼진다. 꽃잎은 사람의 눈을 닮았고, 꽃가루는 환몽에 빠지게 하는 독성을 지녔으며, 꽃 주위를 맴도는 독 나비를 사살하면 해독이 된다."
Override,"17310010009","177107959808","취남 (편마 기연)","말을 안 뺏기고 적당 거리를 유지한후 도망쳐보세요."
Override,"17310010003","569860198400","묘묘냥 · 암야의 휘광","암야의 휘광을 이용하여 꽃을 밝히세요."
Override,"17310010008","641467469824","비견 장군","돌 무더기를 부수고 비견 장군을 얻으세요.<hr>형가가 옛 친구 전광과 이곳에서 소리를 듣는 술법을 겨루며 돌 속에 숨은 귀뚜라미를 먼저 찾는 시합을 했고, 형가가 승리하자 전광이 장난삼아 '돌을 가르는 비견 장군'이라 했다. 형가가 세상을 떠난 뒤 청하 사람들은 이러한 귀뚜라미를 '비견 장군'이라 불렀다."
Override,"17310010017","97089855488","연주 · 서주"," "
Override,"17310010003","891439833088","묘묘냥 · 인화수집","일정 시간 내에 지정된 수량의 인화를 수집해 도전을 완료하고 보상을 얻으세요."
Override,"17310010090","811577409536","야외 제사 · 상자","V를 눌러 빨간 선을 찾아 나비를 찾고 제사를 완료한 뒤, 보상(상자)를 얻으세요."
Override,"17310010084","88292306944","떠돌이 의사 · 시큼한 약병","시큼한 약병은 여기에 있습니다."
Override,"17310010006","580095086592","상자 · 태평종루","위치는 소자령이나, 태평종루에 카운터 되는 상자입니다.","태평종루"
Override,"17310010092","71034929152","견문 · 슬픈 물고기","연사현과 대화하자.<hr>{spoiler}황제가 승하했을 때 풍화촌 마을 주민들은 깊은 슬픔에 잠겼다. 그러던 중 연치 촌장이 마을로 오게 되면서 ... 그는 마을 주민들에게 새로운 방향을 제시한 듯했다.{/spoiler}",,,,"[0.7589441896951996|-1.1406269951649506]"
Override,"17310010081","467427393536","담향","담향은 마음을 여러 조각 내어 모두에게 사랑을 나누고 싶어한다. 빨리 좋은 방법을 알려주자 ...",,"./image/{id}.png",,"[0.7537482651436704|-1.1511573803792032]"
Override,"17310010080","548417593344","엽자희 · 주가북, 사즉회, 이패연","이곳에 엽자희 놀이가 있습니다.<br>· 해당 자리에 없다면 꿈속의 불선선에 있을것입니다.",,"./image/{id}.png"
Override,"17310010009","965321863168","속박수련","석상과 똑같은 자세를 취하게 한후 금옥점혈수를 이용해 수련을 도우세요."
Override,"17310010010","249342337024","영지 · 수금루","수금루 (수금 종지기 · 칼 원숭이)의 영지입니다. 몰살 후 상자를 루팅 가능합니다. 위치상 불광정이나, 꽃의 바다 카운터입니다.","꽃의 바다"
Override,"17310010006","113155850240","상자 (영지)","근처 수금루의 영지에서 몰살후 루팅 하실수 있습니다.","꽃의 바다"
Override,"17310010006","707721449472","상자 (지하)","위치와 BGM은 보리고해 이지만, 카운팅은 불광정 상자입니다.","불광정",,,"[0.884364|-0.655746]"
Override,"17310010003","268718055424","묘묘냥","석상을 마주보게 하세요. 위치는 보리고해이나, 카운팅은 불광정입니다.","불광정"
Override,"17310010006","977769754624","","위치는 보리고해이나, 카운팅은 벽천산 상자입니다.","벽천산"
Override,"17310010004","759850082304","고양이 · 꿩","쓰다듬자! 야옹! 야옹! 불광정 고양이입니다.","불광정"
Override,"17310010006","501403635712","상자 (지상)","위치는 보리고해이나, 카운팅은 불광정 상자입니다.","불광정"
Override,"17310010010","499866882048","영지 · 천호군","천호군의 영지입니다. 몰살후 상자를 루팅 가능합니다. 위치상 보리고해이나, 카운팅은 불광정입니다.","불광정"
Override,"17310010006","232632905728","상자 (영지)","위치는 보리고해이나, 카운팅은 불광정 상자입니다. 해당 위치의 영지에서 천호군을 몰살후 루팅 가능합니다.","불광정"
Override,"17310010006","324756733952","상자 (지상)","자심촌 상자입니다.","자심촌"
Override,"17310010006","876991639552","상자 (지상)","불광정 상자입니다."
Override,"17310010006","906596519936","","불야채 상자입니다.","불야채"
Override,"17310010008","936526499840","속삭이는 벌집","강호 사람들 모두가 찾고자 하는 물건.<hr>금실 벌은 허리에 금빛 줄무늬가 있으며, 투명한 날개를 가졌다. 윙윙거리는 소리는 마치 속삭이는 것 같다. 강호인들은 이 벌의 꼬리침을 채취해 독으로 사용한다. 숲속 나뭇가지에 둥지를 틀고 살며, 불이 나면 잠시 둥지를 버리고 달아났다가도 곧 돌아온다. 이 벌집은 불과 물에도 잘 견디며, 안에서는 여전히 속삭이는 것 같은 소리가 들린다.","벽천산"
Override,"17310010003","164867039232","묘묘냥 · 인화수집","일정 시간 내에 지정된 수량의 인화를 수집해 도전을 완료하고 보상을 얻으세요.","벽천산"
Override,"17310010012","455971844096","","벽천산의 곡경심유입니다.","벽천산"
Override,"17310010006","135996260352","상자 (지상)","근처에 장치가 있으므로, 무쇠 낙하를 이용하여 활성화 하고 보상을 획득하세요.","난마장"
Override,"17310010006","306306035712","상자 (지상)","근처에 장치가 있으므로, 무쇠 낙하를 이용하여 활성화 하고 보상을 획득하세요."
Override,"17310010001","32061575168","여진경 · 소월 호수","추적을 하려면 불광정 이별의 길 위쪽에 있는 천공 동굴의 끝, 왼쪽 방에 벽에 있는 인형 관찰을 하면 해금됩니다.<hr>{spoiler}여진경은 날 때부터 자신의 손으로 세상을 탐색했다. 앞길을 더듬기 위해 손을 내밀었고, 눈앞의 칼날을 막기 위해 맨손을 내세웠으며, 피할 수없는 피라면 기꺼이 자기 손에 묻혔다. 그리하여 그녀의 두 손은 상처투성이가 되었고, 거칠고 흉하게 변해갔다. 그러던 어느 날, 그녀의 단 한 하나뿐인 친구가 한 쌍의 손 보호대를 건넸다. 부디 그대도 이 비단처럼, 구름 속 달빛처럼 맑아 다시는 티끌조차 묻지 않기를. 그녀는 이 선물을 원래 자리에 그대로 두었다. 이루지 못할 소망이 담긴 선물은 너무 무거워 들 수 없기 때문이다.{/spoiler}"
Override,"17310010006","207890436096","상자 (지상)","태극권을 이용하여 곰을 바위에 던져 보상을 획득하세요."
Override,"17310010006","212448014336","상자 (지상)","물을 빼내지 않았다면 ALT를 이용해 보상을 얻거나, 물을 빼냈다면 다가가서 획득하세요."
Override,"17310010018","302786912256","요능희","당신을 비무에 권합니다. 싸워서 보상을 얻고 강호의 벗이 되십시오."
Override,"17310010084","997013340160","떠돌이 의사 · 악취 약병","악취 약병은 여기에 있습니다."
Override,"17310010084","909864226816","떠돌이 의사 · 향기 약병","향기 약병은 여기에 있습니다."
Override,"17310010004","964302901248","고양이 · 뚱계","쓰다듬자! 냐옹! 냐옹!"
Override,"17310010016","755803533312","철씨 영감","골절(1900)로 고생하는 철씨 영감을 치료하자. (V키로 진행 가능.)"
Override,"17310010006","466861776896","상자 (지상)","장치 위에서 삼단 점프후 Q(무쇠낙하)를 이용해 활성화 시켜 상자 보상을 얻자."
Override,"17310010006","369382756352","상자 (지상)"," 폭포 안에 있다."
Override,"17310010014","308669755392","요원","요원은 당신을 궁술 대결에 초대한다."
Override,"17310010008","305953894400","속삭이는 벌집","강호 사람들 모두가 찾고자 하는 물건.<hr>금실 벌은 허리에 금빛 줄무늬가 있으며, 투명한 날개를 가졌다. 윙윙거리는 소리는 마치 속삭이는 것 같다. 강호인들은 이 벌의 꼬리침을 채취해 독으로 사용한다. 숲속 나뭇가지에 둥지를 틀고 살며, 불이 나면 잠시 둥지를 버리고 달아났다가도 곧 돌아온다. 이 벌집은 불과 물에도 잘 견디며, 안에서는 여전히 속삭이는 것 같은 소리가 들린다."
Override,"17310010085","366732894208","윤회의 가르침","유룡 열쇠를 이용해 동굴 입구를 열고 동굴 내부로 들어가 기술을 배우도록 하자."
Override,"17310010006","668220157952","상자 (지상)"," "
Override,"17310010008","734161588224","붉은 탐욕","남해에서 온 기이한 버섯이 청하 일대에 널리 자라며, 종종 금빛과 붉은빛이 도는 기이한 벌레들이 모여들어 동전이 부딪히는 듯한 소리를 낸다. 이 벌레를 불에 태우면 금을 얻을 수 있다고 하여 이를 두고 강호인들 사이의 쟁탈이 치열해, 벌레를 찾으려 고개를 드는 순간 적에게 치명상을 입은 사례도 있다. 그리하여 사람들은 이를 '붉은 탐욕'이라고 부른다."
Override,"17310010013","129199681536","육휘문","화술을 이용한 담론으로 상대방의 번뇌와 집념을 해소시킵니다. 강호를 누비는 데는 무예뿐 아니라 말솜씨도 중요합니다."
Override,"17310010003","708712767488","묘묘냥 · 인화수집","인화수집은 일정 시간 내에 지정된 수량의 인화를 수집해 도전을 완료하고 보상을 얻으세요."
Override,"17310010016","892424462336","엽명원","골절로 고생하는 엽명원을 치료하자. (V키로 치료 가능, 의술 조예 3900 필요)"
Override,"17310010007","133390454784","상자 (지하)","삼명천, 윤회의 가르침의 동굴에서 얻으실수 있으며, 허공섭물로 획득하셔야 합니다."
Override,"17310010007","26649477120","상자 (지하)","삼명천, 윤회의 가르침의 동굴에서 얻으실수 있습니다."
Override,"17310010081","591326879744","오현만","강호를 떠도는 협객. 언젠가 절벽에서 떨어져 고인이 남긴 절학을 만나 무술의 정상에 오르길 꿈꾼다.<br>청하 대나무 숲으로 가는 올바른 길을 찾아 스승을 찾아 무예를 배우고 싶어한다."
Override,"17310010081","701363216384","주대복","백초야 나루터 나룻배 사공의 조카. 보석을 팔지 않으며 유일한 재산은 이 낡은 배뿐이다."
Override,"17310010081","470925590528","교삼연","수로를 따라 신선 나루에 온 행상. 우연히 고별주에 담긴 상업적 가치를 발견하고 이를 통해 큰돈을 벌 계획이다.<br>안전한 길을 찾아 딸을 산적의 위험으로부터 보호하고 싶어 한다."
Override,"17310010003","442236051456","묘묘냥 · 인화수집","인화수집은 일정 시간 내에 지정된 수량의 인화를 수집해 도전을 완료하고 보상을 얻으세요."
Override,"17310010008","863471845376","속삭이는 벌집","강호 사람들 모두가 찾고자 하는 물건.<hr>금실 벌은 허리에 금빛 줄무늬가 있으며, 투명한 날개를 가졌다. 윙윙거리는 소리는 마치 속삭이는 것 같다. 강호인들은 이 벌의 꼬리침을 채취해 독으로 사용한다. 숲속 나뭇가지에 둥지를 틀고 살며, 불이 나면 잠시 둥지를 버리고 달아났다가도 곧 돌아온다. 이 벌집은 불과 물에도 잘 견디며, 안에서는 여전히 속삭이는 것 같은 소리가 들린다."
Override,"17310010081","440092069888","난화영","연남에서 온 유랑민. 어머니와 함께 청하로 왔다. 북맹 유적 폐허에 자리 잡았으나 용호채 비도들에게 쫓겨났다.<br>어머니와 그녀가 배고플 걱정을 하지 않게 충분한 음식을 얻기를 바란다."
Override,"17310010007","238927396864","상자 (지하)","삼명천, 윤회의 가르침의 동굴에서 얻으실수 있으며, 허공섭물로 획득하셔야 합니다."
Override,"17310010006","535498448896","상자 (지상)"," "
Override,"17310010090","926725267456","야외 제사 (빨간나비)","나비는 총 3마리이며, V를 통해 추적이 가능합니다."
Override,"17310010006","605945032704","상자 (지상)"," "
Override,"17310010010","659320193024","영지 · 수금루","수금루의 영지입니다."
Override,"17310010006","47861096448","상자 (영지)","이 근처에 수금루의 영지가 있으므로 몰살 후 보상을 얻어야 합니다."
Override,"17310010081","431839440896","석경천","은월산을 지나던 청천문 협객, 의롭게 나서 세 명의 유랑민을 구했고 도적들을 일방적으로 소탕하기로 결심했다."
Override,"17310010081","133704253440","마중호 & 주우영 & 우상천","마중호와 우상천은 연남에서 흘러들어 청하에 정착한 유랑민이며, 청천문 소협 석경천에게 구출되었다. 주우영은 겁이 많고 소심한 유랑민이며, 적색 절벽 일대에 자주 출몰한다."
Override,"17310010008","988751511552","금강 사마귀","날아다닐 때마다 금속이 부딪히는 듯한 소리를 내며 길을 안내하고, 길가의 꽃으로 변장해 말발굽 소리를 듣는다. 전설에 따르면 이는 강호인의 영혼으로 날개는 생전에 그들이 아끼던 검으로 변한 것이라 전해진다."
Override,"17310010010","564629450752","영지 · 수금루","수금루의 영지입니다."
Override,"17310010006","807569285120","상자 (영지)","이 근처에 수금루의 영지가 있으므로 몰살 후 보상을 얻어야 합니다."
Override,"17310010004","890028199936","고양이 · 하얀배","고양이다. 쓰다듬자, 냐옹! 냐옹!"
Override,"17310010081","567446962176","주일항","은월산 나루터의 나룻배 사공. 협객들은 이 사람이 자심촌의 주일조와 오래전 헤어진 둘째 형이라고 의심하지만, 주일조는 이를 부인한다."
Override,"17310010005","175005990912","투호 · 원자양","영리한 소년, 세상의 기이한 소문에 대한 진상을 밝히려고 한다. 단서를 수집하려고 '용맹 투호'라는 기술을 익혔다. 종종 술에 취한 척하며 투호 춤에 능하다."
Override,"17310010003","636594282496","묘묘냥 · 인화수집","인화수집은 일정 시간 내에 지정된 수량의 인화를 수집해 도전을 완료하고 보상을 얻으세요."
Override,"17310010008","57615052800","노래하는 백목련","활로 하늘을 나는 보라색 나비를 쏜 후, 노래하는 백목련을 채집하세요.<hr>난세에 필히 생기는 식물. 폐허나 황무지에서 자라며 바람이 불면 아련한 노랫소리가 울려 퍼진다. 꽃잎은 사람의 눈을 닮았고, 꽃가루는 환몽에 빠지게 하는 독성을 지녔으며, 꽃 주위를 맴도는 독 나비를 사살하면 해독이 된다."
Override,"17310010004","897823924224","고양이 · 꽃회오리","고양이다. 쓰다듬자 , 냐옹! 냐옹!"
Override,"17310010017","288929779712","연주 · 전대사","이 곡은 신선 나루인 전대사가 좌관운수를 보며 느껴서 지은 곡이다. 만약 부자 앞에서 여음요량의 수준으로 연주할 수 있다면 고금보 <갈석조-유란>을 받게 된다."
Override,"17310010092","18884603904","견문 · 풍토 역사","{spoiler}신선 나루에는 고별주과 이화림, 두 가지 특산물이 있다. 고별주는 향기로운 술로 유명하고 이화림은 눈처럼 흰 꽃으로 유명하다. 취선월이 되면 절경이 펼쳐지니 마음껏 즐길 수 있다.{/spoiler}"
Override,"17310010006","529623482368","상자 (지상)"," "
Override,"17310010006","219169185792","상자 (지상)"," "
Override,"17310010081","28505530368","시문역","개봉과 신선 나루를 오가는 뱃사공, 많은 상인이 그가 다니는 수로를 통해 고별주를 운반한다.<br>시문역은 오랜 시간 일하며 온갖 병을 얻었지만 부유하지 못해 약을 살 돈이 없으니 <b>협객께서 그에게 약을 구해주길 바란다.</b>"
Override,"17310010081","201673551872","조위업","개봉과 신선 나루를 오가는 수레꾼, 많은 상인이 그가 다니는 육로를 통해 고별주를 운반한다.<br>고별주는 아름답지만, 조위업은 술 때문에 일을 그르치는 경우가 많다. <b>술을 줄이라고</b> 권해보라 ..."
Override,"17310010092","290574839808","견문 · 장사의 어려움","조위업과 대화하여 견문을 획득할수 있습니다.<hr>신선 나루를 오가는 수레꾼이 당신에게, 올해 고별주 장사가 예전 같지 않다고 말한다. 신선 나루 남쪽에서 외부로 통하는 중요한 길이, 알 수 없는 세력에게 점령당했기 때문이다."
Override,"17310010026","244297293824","통발","물고기를 잡는 대나무 통. 입구에 역방향 가시를 설치하여 물속에 두면 물고기가 들어갔다가 나오기 어렵다.<hr>"낡은 어구로는 큰 물고기를 막을수 없다."<br>· 진나라 이전 <시경-제풍>"
Override,"17310010026","399025168384","낚시 바위","낚시꾼이 앉는 바위. 물고기는 바위 사이에 숨고 사람은 바위 위에 앉는다. 예로부터 고사들은 낚시와 은둔의 즐거움을 좋아하여 이를 시문에 담아 뜻을 펼쳤다.<hr>"그대가 세상을 구할 묘책 있거든 푸른 물가의 낚시 바위는 묻지 마소서."<br>· 당나라 유창 <증전욱산인>"
Override,"17310010026","733305102336","도롱이","갈대풀로 만든 옷. 비를 막는 도구인데 지금 사람들은 이를 '도롱이'라 부른다.<hr>'푸른 삿갓과 초록 도롱이, 비스듬한 바람과 가는 빗줄기 속에도 돌아갈 필요 없네.'<br>· 당나라 장지화 <어가자>"
Override,"17310010026","442458140672","삿갓","'옹립' 또는 '입자'라고도 하며, 죽순의 잎과 대나무 쪽으로 넓은 모자를 만들어 햇빛과 비를 피하는데 썼다.<hr>옛 도롱이는 눅눅한 냄새가 나고, 새 삿갓은 비를 맞아도 향기롭네.<br>· 당나라 피일휴 <노망이 바퀴 낚시를 보이며 고매한 뜻을 회상하다>"
Override,"17310010031","136742531072","차 연자","당나라 때 사람들은 떡차를 마셨는데, 차를 끓이기 전에 먼저 떡차를 가루로 빻아야 했다. 신선 나루의 마을 사람들은 차 연자를 말린 배꽃을 빻는 공구로 사용해 배 가루를 만들었다.<hr>뒤얽힌 실 한 묶음과 무늬 있는 대나무로 만든 차 연자 하나.<br>· 당나라 <앵앵전>"
Override,"17310010022","374555611136","통차","'수차'라고도 불리는 농업용 관개 도구. 물살을 이용해 바퀴를 돌려 물을 끌어올려 농경지에 물을 대는 데 사용한다.<hr>물레방아는 바퀴처럼 돌아가고 또 강 위에 놓인 무지개처럼 물을 끌어올린다. 그것은 비가 내리는것과 같은 효능을 발휘하여 모종이 잘 자라게 할 수 있다. 물이 위에서 아래로 흘러내려 적은 손실로 큰 이득을 본다. 한음에서 항아리로 물을 긷는 사람은 이 이치를 이해하지 못한다.<br>· 송나라 매요신 <화손단구사승농구십삼수-수차>"
Override,"17310010020","536732917760","원함연 & 원달미","원달미는 원함연의 언니로, 어릴 적부터 어머니의 입맛을 따라 단맛을 즐겼고, 원함연은 원달미의 동생으로, 어릴 적부터 아버지의 입맛을 따라 짠맛을 즐겼다."
Override,"17310010002","120131645440","은월산 노파","원함연과 원달미 자매에게서 허공섭물을 이용해 음식 소매치기를 한 뒤, 음식을 섭취하고 조건을 맞추면 기연이 발동됩니다."
Override,"17310010002","764714201088","술친구 (상)","혼자 온 손님과 대화를 한후, 술을 대접해주겠다는 선택지나 사주겠다는 선택지를 택할시 기연 발동. 이후 황금색으로 빛나는 물체를 획득하여 제출."
Override,"17310010022","711358885888","화박법","약한 불로 천천히 술을 데워 향을 더하는 방법. 당나라의 '소주'의 제조법과 유사하나 더 숙련되었으며 완성품은 직접 끓인 술보다 더 우수하다.<hr>맑은 술을 삼오일 동안 침전시킨 후, 술의 양에 따라 옹기 하나를 준비해 깨끗이 씻어 불에 말린다. 밑굽 측면에 젓가락 굵기의 구멍을 뚫고 버들가지 부스러기로 막아둔 후, 술을 옹기에 담고 황랍 반 근을 넣는다. 옹기 입구는 기름종이로 덮어 묶어두고 ... 방에 숯 세 근을 가득 채워 넣고 가운데에 반 근 정도의 뜨거운 숯을 놓은 후 문을 닫고 문 밖에 문발을 걸어둔다. 칠 일 후에 열 수 있고 또 칠 일이 지나야 마실 수 있다. 마실 때는 가는 대나무 끝에 새 솜을 조금 묶어 천천히 구멍을 막은 것을 빼내고 흘러나온 것은 그릇에 받는다. 비단으로 싼 대나무로 옹기 안을 저어준다. 탁한것이 빠지고 술이 맑아지면 젓는 것을 멈추고 다시 막아둔다(먼저 구멍을 뚫은 건 탁한 것을 쉽게 걸러내기 위함이다). 마실 때마다 깔때기 같은 대나무 통으로 술을 취하면, 오래 두어도 상하지 않으며 술을 끓인 것보다 훨씬 낫다.<br>· 송나라 <북산주경>"
Override,"17310010022","597454172160","석회 첨가","술이 산패되는 것을 막기 위해 송나라 사람들은 발효가 완성되기 하루 전에 탁주에 적량의 석회를 넣어 산도를 낮추고 탁주를 맑게 만들었다. 이 방법은 당나라 때부터 유행하였으며 송나라에 이르러 더욱 널리 사용되었다.<hr>절강 지방에서는 술을 만들 때 모두 석회를 사용한다. 석회가 없으면 술이 맑아지지 않는다.<br>· 송나라 장작"
Override,"17310010022","502914424832","착주","술밥이 익은 후에는 술과 지게미를 분리해야 하며, 발효조 바닥으로 지게미를 눌러 맑은 술을 얻었다. 이 과정을 속되이 '착주' 혹은 '압주'라 불렀다.<hr>발효조에 술밥을 고르게 담고 손으로 압판을 눌러 정확히 안착시키되, 고르게 건조될때까지 눌러야 하며 실수가 없어야 한다. 술을 옹기에 옮길 때는 아래쪽을 잡고 기울여 붓고, 과도한 흔들림에 술 맛이 변하는 것을 방지해야 한다.<br>· 송나라 <북산주경>"
Override,"17310010022","376246444032","병곡","또한 '곡병'이라 불리며, 술을 빚는 데 쓰이는 병 모양의 술밑이다. 당나라와 송나라 시대에는 찹쌀 가루에 여러 약재를 섞어 곡을 만들었고, 이로 빚은 술을 '병자주'라 불렀다.<hr>남방의 백성들은 찹쌀과 멥쌀을 섞고, 꽃과 약초를 더해 떡을 만든다. 냄새를 맡으면 향긋하고, 씹으면 알싸하며, 손에 쥐어 보면 속이 비어 가볍다. 이는 곧 좋은 누룩이다. 밀가루로 먼저 발효를 일으키고 생강즙을 섞어 쪄 내어, 표면에 고루 금이 가게 한다. 이를 줄에 꿰어 바람에 말리면 시간이 흐를수록 기운이 깊어지니, 이는 곧 훌륭한 누룩이다.<br>· 송나라 <동파주경>"
Override,"17310010022","23982874624","귀학제수 화전","민속 화전 중 하나. 생일을 축하하거나 장수를 기원하기 위해 주조됐다. 앞면에는 '귀학제수'라는 길한 문구가, 뒷면에는 신선, 거북, 학, 구름 등의 문양이 새겨져 있다.<hr>앞면에는 '귀학제수', 뒷면에는 '복록수'라고 새겨져 있는 화전 한 닢"
Override,"17310010002","639893987328","흔들리는 붉은 꿈 1","근처에서 빛나는 물체를 찾으세요."
Override,"17310010002","158171926528","청하의 독수리","춘추별관 클리어 및 용머리 추락 사건 이후, 맑은 날씨에 근처를 배회하면 확률적으로 발동되는 기연입니다."
Override,"17310010002","233621766144","영원한 치료","협적 7 천불폐허를 클리어하고 금옥점혈수를 배운 상태에서, 해시~축시 사이에 해당 위치 배회하면 기연이 트리거됩니다."
Override,"17310010034","751920451584","호택룡 연구도 2","개와 상호작용하여 획득하세요."
Override,"17310010034","545402552320","퍼그 연구도 2","개와 상호작용하여 획득하세요."
Override,"17310010034","786958876672","욱림견 연구도 2","개와 상호작용하여 획득하세요."
Override,"17310010031","10695172096","충백랍","충랍은 백랍이라고도 하며 백랍벌레 수컷 유충이 분비한다. 충백랍은 가벼우며 동물성 밀납 중 녹는점이 가장 높고 색이 희거나 약간 노랗기 때문에 백랍이라 부른다.<hr>지금 약가에서는 모두 백랍을 사용한다. 백랍을 깎아 여름철 햇볕에 백일쯤 말리면 저절로 희게 된다. 급히 쓸 때에도 녹여서 물에 열 번쯤 넣었다 빼면 역시 희게 된다.<br>· 송나라 <증류본초>"
Override,"17310010022","551583690752","납추","<b>장구 삼촌</b>과 대화하여 지식을 얻습니다.<br><br>물의 깊이를 측정하는 도구. 서긍의 기록에 의하면 "뱃사람들은 모래톱을 지날 때 납추로 수심을 재며 조심히 통과해야 한다"고 하였다.<hr>바다를 항해할 때 깊은 건 두렵지 않으나 얕은 곳에 걸리는 것이 두렵다. 배 밑이 평평하지 않기에 조수가 빠질 때 뒤집히면 구할 수 없으므로 항상 밧줄에 납추를 매달아 시험한다.<br>· 송나라 <선화봉사고려도경>"
Override,"17310010026","849529401344","자망","송나라 사람들이 발명한 긴 띠 모양의 어망. 물고기가 모이는 곳에 설치하면 물고기가 얽혀 들어와 풍년이 기대된다. 복건 사람들은 지금도 사용하고 있다.<hr>자망은 그물코가 드문드문하고 길이와 너비가 몇십심이며, 두 배가 끌어당겨 펴고 철을 매달아 물 밑으로 내린다.<br>· 송나라 <제동야어>"
Override,"17310010026","22473003008","어롱","물고기를 담는 대나무 통. 후에는 낚시 도구를 통칭하는 말로도 쓰였다.<hr>"강가의 어부가 어롱을 차고 새로 얻은 범려경 한권을 읽고 있다.<br>· 송나라 육유 <호당야귀>"
Override,"17310010081","350702510080","향덕천","향덕미는 이상한 곡을 부르는 것을 좋아하는데 사람들은 그의 예술을 이해하지 못한다. 그와 대화하며 **자신감을 북돋아** 주어라!"
Override,"17310010084","76865961984","불길한 밤 1","깊은 밤이면 곡방 동문 근처에서 개 짖는 소리가 요란하다. 어느 비참한 남자가 누렁이에게 몰려 큰 나무 아래에서 옴짝달싹 못 하고 있다. [뼈다귀](https://wwmmap.kr?map=qinghe&id=169861935104)를 찾아오면 누렁이가 잠잠해질 듯하다 ..."
Override,"17310010084","169861935104","불길한 밤 2","누렁이에게 줄 뼈다귀의 위치입니다.<hr>뼈다귀 한 조각"
Override,"17310010084","258525462528","불길한 밤 3","누렁이에게 뼈를 선물합니다(뼈다귀)<hr>누렁이에게 몰려 나무 위에 있던 남자를 구해냈지만, 남자는 말을 얼버무리며 더는 입을 열지 않고 제멋대로 떠나버렸다. 그때 남자의 몸에서 용무늬 영패 하나가 조용히 떨어져 옆 상자 위에 얹혔다. 서둘러 그 영패를 챙겨 보자. 어쩌면 누군가 영패의 내력을 알아보고 그의 정체를 짚어 줄지도 모른다."
Override,"17310010092","310528909312","견문 · 당나라에서 온 사신","외지 객상인 최대우와 대화하여 견문을 획득할수 있습니다. 만약, 메인 퀘스트를 밀고 {spoiler}불선선이 불타버린다면{/spoiler}, 신선 나루 잡화상 웅대와 대화하여 획득할수 있습니다.<hr>외지에서 온 객상이 길에서 들은 소식을 전해주었다. 최근 남쪽 당나라의 사신들이 청하에 왔는데, 듣자 하니 경서를 구하러 왔다고 한다!",,"./image/{id}.png"
Override,"17310010092","360386027520","견문 · 고집 센 홍연","월 부인과 대화하여 견문을 획득할수 있습니다.<hr>어머니를 일찍 여읜 홍연은 주씨 아저씨의 말을 잘 안들었고 마을 주민들 눈에는 장난기 많은 말썽꾸러기로 비쳤다."
Override,"17310010092","658366734336","견문 · 남방 사투리","진시, 송오현과 잡담하면 견문을 얻습니다.<hr>1. 신선 나루에 남방 사투리를 쓰는 손님들이 찾아왔는데 청하의 작은 마을에서는 좀처럼 보기 드문 일이다.","","./image/{id}.png"
Override,"17310010092","569377153024","견문 · 신선 나루 도난 사건","장대산과 대화하여 견문을 획득할수 있습니다.<hr>수십 년 전 신선 나루 한 가운데에 한 괴도가 나타나 한향선의 귀중한 보물을 훔쳐갔다. 마을 사람들은 한향선이 오래전부터 그 보물을 찾고 있다고 전한다.","","./image/{id}.png"
Override,"17310010092","912567775232","견문 · 남방 사투리 2","{spoiler}불선선이 불탄 이후{/spoiler}, 신선나루 입구쪽 음식점 자매 원함연, 원달미 앞, 주점의 송오현 에게 잡담하면 견문 취득 가능합니다."
Override,"17310010092","936386191360","견문 · 수상한 비둘기의 밀서","이서와 대화하여 견문을 획득하세요.<hr>신선 나루 한 가운데에 수상한 비둘기 떼가 나타났다. 다리에는 정체불명의 조직이 보낸 밀서가 묶여 있었고 그 내용은 다음과 같았다. "화염 용무늬 영패를 가진 자는 불선선 부두에서 조직의 정보원과 접선하라.""","","./image/{id}.png"
Override,"17310010092","11995787264","견문 · 수상한 그림자","허공섭물로 지도를 훔쳐야 견문을 얻을수 있습니다.<hr>야밤의 신선 나루에서 수상쩍은 두 남자가 귓속말을 나누고 있다. 당신은 우연히 그들로부터 신선 나루 지도를 얻게 되지만 그들의 목적은 여전히 알 수 없다."
Override,"17310010092","457926418432","견문 · 고향의 배꽃","의문의 손님과 대화하면 견문을 얻을수 있습니다.<hr>배꽃보다 더 매혹적인 초록 옷을 입은 여인은 신선 나루의 배꽃이 한향선이 고향에서 가져온 배나무임을 아는 듯하다.",,"./image/{id}.png"
Override,"17310010092","468035227648","견문 · 첫 송이 꽃","한향선은 고향에서 첫 번째 배꽃가지를 가져왔고, 그 꽃가지는 주씨 아저씨에게 전해졌다. 그리하여 주씨 아저씨가 앞장서 마을 주민들과 함께 접붙이고 재배한 것이 훗날 이 신선 나루에 가득한 배꽃 풍경으로 이어졌다.<hr>신선 나루 최초의 배나무는 한향선이 고향에서 가져온 배나무 가지를 심어서 재배한 것이다. 이후 주씨 아저씨가 마을 주민들과 함께 이 나무의 가지를 잘라 접붙이기를 거듭했고, 그리하여 신선 나루엔 끝없는 배꽃 풍경이 조성되었다.",,"./image/{id}.png"
Override,"17310010092","270725169152","견문 · 사라진 자","미씨 아저씨와 대화하면 견문을 획득할수 있습니다.<hr>마을 주민들은 신선 나루를 떠난 강 대협을 여전히 그리워한다. 어떤 이들은 그가 한향선과 맺어졌더라면 좋았을 텐데 하고 아쉬워하기도 했다. 하지만 강 대협이 강호로 떠난 뒤 그를 본 사람은 아무도 없다.",,"./image/{id}.png"
Override,"17310010092","115073015808","견문 · 침향과 배의 조화","상호작용하여 견문을 획득할수 있습니다.<hr>배꽃 중에 향기롭고 단맛 도는 부분을 골라 잘게 찢어 날비단 주머니에 넣은 뒤 술 세말에 담그면 향이 맑고 전혀 탁하지 않다."
Override,"17310010092","132694511616","견문 · 광란문의 애주가","시일배와 대화하면 견문을 얻을수 있습니다."
Override,"17310010084","160476368896","대박의 기회","지정 위치에서 **서서아**에게 **고별주**를 전달한 뒤, **신선나루 서쪽 경계석**으로 도망친 그를 강도들로부터 구출하면 **만사록**이 완료됩니다."
Override,"17310010084","695063175168","분실된 자금 1","신선나루 서쪽 경계석 근처, 가부가 잃어버린 물건을 찾고 있습니다. 여기서 좀 더 위로 가면 한 집이 보이는데, 그 앞에 어느 [수상한 NPC](https://wwmmap.kr?map=qinghe&id=650659844096)가 보입니다. 그 NPC에게서 허공 섭물을 이용해 분실된 물건(자금)을 얻어야 합니다."
Override,"17310010084","650659844096","분실된 자금 2","수상한 NPC(도비호)에게서 허공섭물을 이용해 [가부](https://wwmmap.kr?map=qinghe&id=695063175168)에게 전달해야 합니다."
Override,"17310010084","354194190336","진짜와 가짜 소당주","지정된 위치에서 **사기꾼의 정체**를 폭로하여 그의 실체를 밝혀내면 **진짜와 가짜 소당주** 만사록이 완료됩니다."
Override,"17310010084","730166558720","욕망의 심연","목백과 대화하고, 고별주를 전달해야 합니다. 구해야 하는 아이템은 [고별주](https://wwmmap.kr?map=qinghe&id=859850108928), [특제 고별주](https://wwmmap.kr?map=qinghe&id=64263708672), [고별주 큰단지](https://wwmmap.kr?map=qinghe&id=160220995584)를 구해야합니다."
Override,"17310010084","859850108928","욕망의 심연 · 고별주","의자에 고별주가 있습니다. 이것을 얻어 [목백](https://wwmmap.kr?map=qinghe&id=730166558720)에게 전달해야 합니다."
Override,"17310010084","386847285248","대박의 기회 · 고별주","지정된 위치에 고별주가 존재합니다. 이것을 얻고 [서서아](https://wwmmap.kr?map=qinghe&id=160476368896)에게 전달해야 합니다."
Override,"17310010084","160220995584","욕망의 심연 · 고별주 큰단지","항아리들에 고별주 큰단지가 있습니다. 이것을 얻어 [목백](https://wwmmap.kr?map=qinghe&id=730166558720)에게 전달해야 합니다."
Override,"17310010084","64263708672","욕망의 심연 · 특제 고별주","원달미 앞에 특제 고별주가 있으므로, 취득하여 [목백](https://wwmmap.kr?map=qinghe&id=730166558720)에게 전달해야 합니다."
Override,"17310010092","44514013184","견문 · 배꽃처럼 슬픈 이별 (아침)","대화하여 견문을 얻을수 있습니다. 저녁에는 [여기](https://wwmmap.kr?map=qinghe&id=360194224128)에 있습니다."
Override,"17310010092","360194224128","견문 · 배꽃처럼 슬픈 이별 (저녁)","대화하여 견문을 얻을수 있습니다. 아침에는 [여기](https://wwmmap.kr?map=qinghe&id=44514013184)에 있습니다."
Override,"17310010092","938820055040","견문 · 지붕 위에 내린 꽃비","지붕 위에 상호작용한 물체가 있으니 다가가서 상호작용하면 **지붕 위에 내린 꽃비** 견문을 얻을수 있습니다.",,"./image/{id}.png"
Override,"17310010092","391772561408","견문 · 이화주의 누룩","셋째 형과 데이트할때는 견문 취득이 안되며, 떨어져있을때만 얻을수 있습니다. 만약 이곳에 없다면 [여기](https://wwmmap.kr?map=qinghe&id=738200219648)에 있습니다."
Override,"17310010092","738200219648","견문 · 이화주의 누룩 2","지정된 위치에 빨래하는 초아가 있습니다. 대화하면 견문을 얻을수 있습니다. 만약 여기에 없다면 [이곳](https://wwmmap.kr?map=qinghe&id=391772561408)에 있습니다."
Override,"17310010092","695082131456","견문 · 고양이의 대장","영혼의 공명을 얻은 뒤, 고양이에게 다가가면 자동으로 습득됩니다.","",null,"https://youtu.be/VyAtGS0VhmI?si=zivTSAhkPc661XCd&t=345"
Override,"17310010092","952328531968","견문 · 은공께 드리는 예","오후 1 ~ 3시에 등장하며, 대화하면 견문을 얻을수 있습니다."
Override,"17310010092","963730698240","견문 · 유랑 끝의 정착","진시, 집 안에서 전가 이모와 대화하면 견문을 획득할수 있습니다.","","./image/{id}.png"
Override,"17310010092","732306894848","견문 · 열정적인 누렁이","유시, 영혼의 공명을 얻은 후, 신선 나루 서쪽 경계석 근처의 누렁이에게 다가가면 견문이 발동됩니다."
Override,"17310010092","951302311936","견문 · 보물 도둑","영혼의 공명을 익힌뒤, 진시 ~ 유시에 신선 나루 서쪽 경계석 근처의 수탉을 찾으면 견문이 발동됩니다.",,,"https://youtu.be/VyAtGS0VhmI?si=Grct3NQX-CCVk5Bv&t=462"
Override,"17310010092","909865332736","견문 · 정보 탐문","장구 삼촌(장대두)과 대화하여 견문을 획득할수 있습니다."